Title,GivenName,MiddleInitial,Surname,StreetAddress,City,State,ZipCode,EmailAddress,TelephoneNumber,MothersMaiden,Birthday,CCType,CCNumber,CVV2,CCExpires,NationalID
Mr.,Errol,D,Watters,"4995 Parkway Drive",Tucson,AZ,85705,ErrolDWatters@armyspy.com,520-440-5990,Delaney,11/18/1964,MasterCard,5180185393338405,872,1/2028,601-02-0933
Mrs.,Lisa,V,Pichardo,"1333 Timbercrest Road",Sitka,AK,99835,LisaVPichardo@armyspy.com,907-747-1288,Murray,10/21/1964,Visa,4485796927296425,038,1/2025,574-88-8163
Mr.,Christopher,L,Adkins,"2644 Wilson Avenue",Irving,TX,75061,ChristopherLAdkins@fleckens.hu,972-445-7179,Doughty,10/13/1986,Visa,4556333547829346,769,7/2026,459-86-0460
Mr.,Joel,N,Bowler,"2080 Glenwood Avenue",Cleveland,OH,44115,JoelNBowler@armyspy.com,216-325-2281,Jackson,2/28/1959,MasterCard,5102602513185263,669,3/2028,283-88-4918
Mr.,Ian,M,Nero,"355 Davis Place",Mansfield,MO,65704,IanMNero@armyspy.com,417-924-0061,Taylor,5/31/1985,MasterCard,5312094004952193,894,1/2024,486-06-2435
Mr.,Mark,J,Rosales,"4293 Joyce Street",Cantonment,AL,32533,MarkJRosales@superrito.com,251-931-0234,Duncan,10/25/1939,Visa,4539766590360424,945,6/2024,419-64-3130
Mr.,Charles,R,Smith,"4690 Broadcast Drive",Washington,VA,20005,CharlesRSmith@rhyta.com,703-970-0748,Minor,3/24/2002,MasterCard,5233182409539495,955,12/2025,692-01-2893
Ms.,Regina,D,Castillo,"3501 Adams Drive",Angleton,TX,77515,ReginaDCastillo@dayrep.com,979-549-9692,Pinkney,3/14/1940,MasterCard,5435302713813669,664,1/2026,461-01-3084
Ms.,Altha,R,Lee,"4396 Lowland Drive",Romeoville,IL,60441,AlthaRLee@armyspy.com,815-372-9935,Montgomery,4/17/1976,Visa,4485777658440895,872,3/2028,340-46-3944
Mr.,Bruce,H,Smith,"543 Catherine Drive",Fargo,ND,58102,BruceHSmith@superrito.com,701-307-1363,Crawford,8/26/1991,Visa,4556586307415487,366,7/2025,502-90-4073
Mr.,Douglas,B,Young,"2741 Holden Street",Carlsbad,CA,92009,DouglasBYoung@rhyta.com,619-251-4123,Shelton,10/15/1959,MasterCard,5468118651394920,774,3/2025,552-39-9632
Mrs.,Kathleen,G,Moody,"2426 Eagle Lane",Duluth,MN,55802,KathleenGMoody@jourrapide.com,218-720-4317,Williams,9/25/2001,MasterCard,5174199001769420,918,12/2024,469-16-8107
Mr.,Clarence,N,Christopher,"1576 Mesa Drive","Las Vegas",NV,89104,ClarenceNChristopher@einrot.com,702-431-6215,Mills,7/8/1938,Visa,4929242573553458,396,10/2025,680-03-2859
Ms.,Ruby,B,Kiser,"715 Raintree Boulevard",Minneapolis,MN,55418,RubyBKiser@armyspy.com,763-789-5185,Sandoval,2/15/1971,MasterCard,5524666923535987,692,3/2024,472-42-8960
Dr.,Linda,V,Robinson,"1080 Mill Street",Spartanburg,SC,29302,LindaVRobinson@jourrapide.com,864-251-5321,Pearson,4/2/1978,MasterCard,5185282535106645,409,4/2026,247-67-5048
Mr.,David,L,Moore,"4554 Shady Pines Drive","Rocky Mount",VA,24151,DavidLMoore@einrot.com,276-340-1442,Rowe,11/4/1976,MasterCard,5288593604765483,893,12/2025,699-01-3965
Ms.,Susan,M,Shapiro,"3344 Agriculture Lane",Miami,FL,33144,SusanMShapiro@armyspy.com,305-269-1919,Horton,7/26/1972,MasterCard,5248148818869644,590,1/2027,589-68-0565
Mrs.,Monica,H,Morse,"2198 Mattson Street",Tigard,OR,97223,MonicaHMorse@cuvox.de,503-431-3961,Finch,1/27/1969,Visa,4929487096698435,128,5/2024,541-52-0695
Dr.,Anne,J,Davis,"922 Patton Lane",Morrisville,NC,27560,AnneJDavis@superrito.com,919-234-7827,Johnson,5/1/1952,Visa,4532499918054787,901,12/2025,684-09-2973
Ms.,Michelle,D,Smith,"3540 Melm Street",Providence,RI,02905,MichelleDSmith@armyspy.com,401-243-4324,Dodge,12/19/1955,Visa,4485452809270829,439,9/2025,036-07-9336
Mr.,Jack,M,Williams,"2754 Agriculture Lane",Homestead,FL,33030,JackMWilliams@einrot.com,305-246-2744,Ferguson,3/9/1938,Visa,4485093272614471,551,3/2025,595-08-6811
Mr.,Brandon,P,Carrion,"2952 Center Street",Pendleton,OR,97801,BrandonPCarrion@dayrep.com,541-970-2774,Baker,1/21/1983,MasterCard,5211832404749830,559,11/2024,542-43-9918
Mrs.,Shelly,H,Jordan,"1337 Pooh Bear Lane",Clemson,SC,29631,ShellyHJordan@jourrapide.com,864-624-7608,Munoz,7/17/1938,MasterCard,5549950029486787,063,11/2024,247-95-6502
Mr.,Edward,P,Grams,"3822 Joes Road",Albany,NY,12207,EdwardPGrams@armyspy.com,518-698-4832,Savoy,9/8/2000,Visa,4532583686454988,408,2/2028,077-56-6566
Mr.,Robert,K,Slone,"2240 Mount Olive Road",Atlanta,GA,30305,RobertKSlone@cuvox.de,678-954-7771,Coulson,3/4/1962,MasterCard,5438424121106416,741,1/2024,672-03-4979
Mr.,Jordan,E,Lugo,"3449 Elliott Street",Nashua,NH,03061,JordanELugo@superrito.com,603-561-7977,Justus,8/12/2001,Visa,4532408117172076,287,8/2027,003-50-8455
Mr.,James,M,Denny,"3378 Central Avenue",Teterboro,NJ,07608,JamesMDenny@einrot.com,201-362-4034,Grant,3/14/1957,MasterCard,5320119564059178,912,1/2026,144-72-4281
Mrs.,Raylene,J,Gehlert,"842 Meadowcrest Lane",Lexington,KY,40507,RayleneJGehlert@jourrapide.com,606-457-7318,Dunne,6/30/2000,Visa,4929264543404125,317,4/2025,407-78-3371
Mr.,Ricardo,A,Neely,"2156 Burton Avenue",Memphis,TN,38117,RicardoANeely@cuvox.de,901-767-6532,Galliher,7/3/1965,Visa,4485483404300398,995,12/2026,408-78-7349
Mrs.,Doris,V,Capone,"1320 Cecil Street",Chicago,IL,60606,DorisVCapone@teleworm.us,312-236-0051,Daily,5/19/1948,MasterCard,5510138865025126,483,6/2027,336-42-6568
Mrs.,Christine,E,Mazzariello,"4638 Lynch Street",Oakland,CA,94612,ChristineEMazzariello@dayrep.com,925-221-4401,Peebles,2/26/1957,Visa,4716432996063691,466,2/2027,608-98-0646
Mr.,Bradley,E,Lomanto,"3579 Tully Street",Detroit,MI,48226,BradleyELomanto@rhyta.com,313-596-4494,Waters,1/21/1944,Visa,4539813703469690,826,3/2024,376-50-6583
Mr.,Randy,D,Ospina,"15 Sycamore Circle",Dallas,TX,75234,RandyDOspina@gustr.com,682-472-2948,Duncan,2/16/1972,Visa,4485926417377548,605,10/2027,462-24-0871
Mrs.,Miriam,S,Walker,"792 Ingram Road",Reidsville,NC,27320,MiriamSWalker@gustr.com,336-616-5871,Frazier,2/17/1971,Visa,4485422226848630,730,10/2027,241-32-9372
Ms.,Dorothy,G,Brown,"2932 Boone Crockett Lane",Redmond,WA,98052,DorothyGBrown@gustr.com,360-441-2238,Parrott,9/26/1993,MasterCard,5537989751594560,710,10/2028,535-74-4252
Ms.,Marissa,B,Thomas,"2489 Pretty View Lane","Santa Rosa",CA,95401,MarissaBThomas@superrito.com,707-861-5202,Poole,4/30/1950,MasterCard,5525028849140815,860,6/2028,616-24-5581
Mr.,Arthur,K,Garrett,"2881 Scott Street",Garrison,NY,10524,ArthurKGarrett@dayrep.com,845-424-0375,Best,5/4/1992,MasterCard,5116761583967630,583,8/2027,077-24-1884
Dr.,Maurice,R,Grace,"1421 Mcwhorter Road",Jackson,MS,39201,MauriceRGrace@cuvox.de,662-490-7931,Bridges,10/7/1998,MasterCard,5254560653060009,398,10/2024,427-27-8830
Mrs.,Jeanette,C,Hunt,"214 Rockford Mountain Lane","Chapel Hill",NC,27514,JeanetteCHunt@einrot.com,919-968-5695,Olguin,8/4/1945,Visa,4539290657972229,442,4/2025,240-34-3184
Mrs.,Briana,R,Glass,"3117 Sunny Day Drive","Huntington Beach",CA,92649,BrianaRGlass@gustr.com,714-840-3893,Carbonell,8/15/1999,Visa,4532852776655121,111,3/2027,561-53-1514
Ms.,Jodi,M,Aaron,"3071 Traders Alley","Overland Park",MO,64110,JodiMAaron@gustr.com,816-377-5460,Waters,9/24/1980,MasterCard,5161608252592245,238,11/2027,487-76-8946
Ms.,Elizabeth,R,Blank,"101 Margaret Street",Houston,TX,77063,ElizabethRBlank@rhyta.com,713-878-4657,Gosha,2/12/1991,Visa,4916281713348788,832,7/2027,457-45-8882
Dr.,Ana,S,Reynolds,"3573 Lunetta Street",Tampa,FL,33614,AnaSReynolds@gustr.com,941-219-6351,Singleton,10/27/1943,MasterCard,5494741167624239,755,7/2026,589-31-7910
Mrs.,Karen,M,Hansel,"1545 Gnatty Creek Road",Huntington,NY,11743,KarenMHansel@armyspy.com,516-445-1001,Jones,6/12/1979,MasterCard,5444640769135720,922,2/2025,127-05-8729
Mr.,David,H,Holman,"2937 Thomas Street",Skokie,IL,60077,DavidHHolman@gustr.com,847-568-0137,Gonzalez,3/17/1993,Visa,4485428217845667,366,8/2024,334-36-8359
Mr.,Emmanuel,A,Watson,"1036 Cameron Road",Dunkirk,NY,14048,EmmanuelAWatson@rhyta.com,716-401-4341,Lingle,3/23/1985,Visa,4485762949308143,444,11/2027,064-54-0897
Mr.,Roger,S,Young,"2386 Benedum Drive",Kingston,NY,12401,RogerSYoung@superrito.com,845-334-9511,Thibodeau,3/27/1971,Visa,4556547559067970,709,11/2028,058-82-6557
Ms.,Flossie,W,James,"2596 Brookside Drive",Birmingham,AL,35222,FlossieWJames@teleworm.us,205-382-9480,Pederson,6/30/1994,MasterCard,5228457099579671,947,10/2028,419-07-7795
Mrs.,Myrtis,O,Carr,"1430 Quarry Drive",Dothan,AL,36303,MyrtisOCarr@dayrep.com,334-796-3273,Turner,6/12/1972,Visa,4485296790178651,436,9/2024,421-47-3204
Mr.,Dick,S,Gillespie,"342 Hart Country Lane",Columbus,GA,31901,DickSGillespie@einrot.com,706-593-3319,Smith,6/7/1937,MasterCard,5281046025658131,508,8/2028,252-82-5642
Dr.,Sandra,T,Pacheco,"1660 Star Trek Drive",Pensacola,FL,32505,SandraTPacheco@einrot.com,850-382-9734,Sanchez,4/10/1969,Visa,4556797952184530,852,1/2024,769-38-3108
Mr.,Edward,E,Dortch,"3706 Midway Road",Springdale,AR,72764,EdwardEDortch@gustr.com,479-725-3294,Gentry,7/15/1978,Visa,4716489415956715,660,12/2027,679-01-9083
Ms.,Clara,J,Huynh,"72 Benson Park Drive","Oklahoma City",OK,73102,ClaraJHuynh@cuvox.de,405-526-6773,Martin,4/2/1975,Visa,4485905510011188,548,2/2025,443-50-8120
Ms.,Apolonia,C,Boone,"888 West Fork Drive","Fort Lauderdale",FL,33308,ApoloniaCBoone@rhyta.com,954-506-5465,Martinez,10/15/1993,MasterCard,5485632991495717,681,9/2027,590-61-1940
Ms.,Annamae,J,Miles,"504 Hillview Street",Columbia,SC,29201,AnnamaeJMiles@jourrapide.com,803-702-9811,Lord,9/28/1955,Visa,4485366588648767,324,6/2025,655-07-5515
Ms.,Debra,R,Fleming,"677 Whiteman Street",Willingboro,NJ,08046,DebraRFleming@armyspy.com,609-877-7844,Johnson,5/1/1963,Visa,4716193866775455,205,3/2028,154-15-1050
Ms.,Amie,J,Pease,"4749 Elk Avenue","Rives Junction",MI,49277,AmieJPease@fleckens.hu,517-569-3643,Emond,1/8/1938,Visa,4485387244142052,015,3/2025,378-92-1857
Mr.,Norman,T,Jimenez,"195 Wines Lane",Houston,TX,77006,NormanTJimenez@teleworm.us,832-240-5040,Long,11/24/1998,MasterCard,5153224680361649,226,4/2028,450-97-6842
Mrs.,Gloria,D,Brown,"2475 Preston Street",Caney,KS,67333,GloriaDBrown@einrot.com,620-879-1113,Anderson,10/9/1944,MasterCard,5225794548850276,882,2/2026,515-50-8262
Dr.,Gerald,I,Padilla,"1391 Berkshire Circle",Knoxville,TN,37920,GeraldIPadilla@fleckens.hu,865-577-5154,Velazquez,11/29/1962,MasterCard,5213232484350963,058,10/2028,410-60-1082
Mr.,Stephan,S,Trevino,"570 Carson Street","San Diego",CA,92121,StephanSTrevino@dayrep.com,858-943-8115,Roth,1/17/1940,Visa,4485255918664588,810,1/2028,565-48-8789
Mr.,Gerald,A,Harris,"2556 Collins Street","Roaring Spring",PA,16673,GeraldAHarris@superrito.com,814-224-0225,Holliday,7/29/1953,MasterCard,5171958163930960,620,7/2027,204-52-8583
Mr.,Keith,L,Allen,"1648 Oak Street",Winthrop,NY,13697,KeithLAllen@dayrep.com,315-389-7093,Rigby,8/3/1956,MasterCard,5310379411017843,967,9/2025,126-07-0973
Ms.,Bernice,R,Fortunato,"141 Sunny Glen Lane","Shaker Heights",OH,44120,BerniceRFortunato@fleckens.hu,216-751-2875,Thomas,9/25/1964,MasterCard,5187770561844863,447,6/2027,294-24-9131
Mr.,Oscar,J,Aguilar,"1476 Douglas Dairy Road",Wytheville,VA,24382,OscarJAguilar@dayrep.com,276-617-5294,Wallace,6/25/1945,MasterCard,5171038161981941,148,10/2025,694-01-6737
Mr.,Travis,F,Kim,"1215 Linda Street",Portland,PA,97205,TravisFKim@dayrep.com,267-932-9492,Palmer,8/8/1960,MasterCard,5353803303110299,865,11/2027,162-07-9713
Mr.,George,C,Guevara,"1252 Shearwood Forest Drive",Manchester,NH,03101,GeorgeCGuevara@jourrapide.com,603-233-0665,Carreno,7/22/1953,MasterCard,5456856143183450,177,3/2028,002-10-1649
Mrs.,Linda,E,Hall,"4593 Stadium Drive",Worcester,MA,01608,LindaEHall@teleworm.us,508-293-0437,Carlin,2/24/1991,Visa,4532708118486783,019,10/2027,025-60-1917
Mr.,Lloyd,K,Lapp,"2528 Hilltop Haven Drive",Newark,NJ,07102,LloydKLapp@cuvox.de,973-833-0201,Larsen,5/11/1964,Visa,4716253110346543,527,1/2025,138-82-2332
Mr.,Ruben,K,Drummond,"1015 Memory Lane",Chicago,IL,60631,RubenKDrummond@fleckens.hu,815-919-3960,Skidmore,1/9/1998,MasterCard,5406268031906367,363,6/2025,320-20-3591
Mrs.,June,O,Martinez,"447 Scott Street","New York",NY,10013,JuneOMartinez@jourrapide.com,845-519-8006,Jones,3/26/1977,Visa,4532003567036556,973,3/2027,123-50-9155
Ms.,Elizabeth,P,Morrison,"491 Johnson Street",Garner,NC,27529,ElizabethPMorrison@dayrep.com,919-810-4614,Abney,8/9/1999,MasterCard,5280765790054496,942,1/2026,243-42-9083
Mr.,Brandon,S,Miller,"1963 Rebecca Street","West Chicago",IL,60185,BrandonSMiller@teleworm.us,847-729-4299,Jones,6/9/1955,MasterCard,5194820472039474,534,1/2027,331-36-8152
Mr.,Michael,O,Hummell,"743 Lincoln Drive",York,PA,17401,MichaelOHummell@einrot.com,717-676-0291,Johnson,3/30/1983,Visa,4916890101540911,480,6/2028,200-16-4927
Mrs.,Estrella,T,Hemingway,"2555 Sharon Lane","South Bend",IN,46601,EstrellaTHemingway@einrot.com,574-236-6495,Selman,8/17/1970,Visa,4539641247183208,494,10/2024,303-74-4685
Mr.,Gregory,E,Wertz,"3384 Sussex Court",Killeen,TX,76541,GregoryEWertz@armyspy.com,254-554-7289,Pinkley,1/18/2002,Visa,4556447030872967,609,8/2025,634-30-5290
Mr.,John,M,Aguirre,"1376 Ashwood Drive",Anthon,IA,51004,JohnMAguirre@superrito.com,712-373-6921,Grose,5/29/1939,Visa,4716453582447676,292,10/2025,478-28-3694
Mrs.,Geneva,J,Ambrosino,"2134 Romrog Way",Naponee,NE,68960,GenevaJAmbrosino@teleworm.us,308-269-7655,Barron,7/5/1983,Visa,4716806199965812,677,2/2028,508-58-6210
Mr.,Bruce,N,Mowbray,"1227 Ottis Street","Oklahoma City",OK,73102,BruceNMowbray@armyspy.com,405-362-4718,Magruder,10/17/2000,Visa,4716416341558083,851,11/2026,443-88-9690
Ms.,Florence,E,Bell,"1662 Jennifer Lane","Chapel Hill",NC,27514,FlorenceEBell@gustr.com,919-445-1525,Pollock,2/16/1937,Visa,4485958493055599,608,2/2028,683-09-1470
Ms.,Vanessa,W,Heaton,"2044 Stanley Avenue",Hempstead,NY,11550,VanessaWHeaton@fleckens.hu,516-564-6246,Rodriguez,12/23/2001,MasterCard,5111963993017775,946,12/2025,128-48-6701
Ms.,Lee,C,Gillespie,"793 Scheuvront Drive",Golden,CO,80401,LeeCGillespie@teleworm.us,303-526-8314,Mesa,6/21/1949,Visa,4929582318041743,967,5/2024,653-09-7488
Mrs.,Edith,H,Poteete,"3189 Jenna Lane","Des Moines",IA,50317,EdithHPoteete@gustr.com,515-264-4549,Rash,9/20/1973,Visa,4485632511760098,012,3/2026,481-08-1540
Mrs.,Katie,W,Durand,"2881 Heritage Road","Terra Bella",CA,93270,KatieWDurand@dayrep.com,559-793-3501,Davis,3/19/1955,MasterCard,5470541012903103,979,7/2028,557-91-3778
Mr.,Juan,R,Cumberbatch,"630 Wayback Lane","White Plains",NY,10606,JuanRCumberbatch@gustr.com,631-392-9341,Mitchell,5/9/2002,Visa,4539612563605280,413,11/2024,070-94-9728
Mr.,Benjamin,E,Cazares,"748 Clay Lick Road",Denver,CO,80203,BenjaminECazares@rhyta.com,720-506-2828,Anthony,5/8/1993,MasterCard,5186834787962346,333,4/2024,523-65-3465
Mrs.,Lynn,L,Young,"677 Poplar Lane",Miami,FL,33127,LynnLYoung@cuvox.de,305-571-7501,Donahue,2/11/1974,Visa,4916506817807267,857,4/2025,595-76-3658
Mrs.,Anne,A,Kuhn,"2311 Stoney Lonesome Road",Stroudsburg,PA,18360,AnneAKuhn@jourrapide.com,570-421-5893,Hammond,9/6/1977,MasterCard,5394317057582208,824,12/2024,191-34-2370
Mrs.,Renee,R,Collins,"3371 Bobcat Drive",Washington,MD,20200,ReneeRCollins@jourrapide.com,240-880-4145,Legaspi,2/7/1999,Visa,4539643370227950,178,3/2026,215-92-3132
Ms.,Sarah,B,Battiste,"4231 Jail Drive",Peoria,IL,61602,SarahBBattiste@superrito.com,309-894-1857,Booker,8/5/1986,Visa,4485991972682526,467,8/2025,324-36-5644
Mr.,James,J,Harvey,"2897 Sand Fork Road",Fulton,IN,46975,JamesJHarvey@superrito.com,574-857-0831,Higgins,8/17/1990,MasterCard,5504112284605352,492,9/2025,313-03-9584
Mr.,William,B,Devine,"296 Rhapsody Street",Ocala,FL,34471,WilliamBDevine@dayrep.com,352-356-0469,Cochran,5/17/1978,MasterCard,5266625018824088,349,10/2025,263-63-5277
Mr.,Lynwood,K,Dudley,"3924 Ocala Street",Orlando,FL,32801,LynwoodKDudley@cuvox.de,407-398-0619,Alexander,6/29/1939,Visa,4556014102379220,341,2/2026,772-07-7845
Mr.,Willis,K,Hutchins,"639 Quiet Valley Lane",Burbank,CA,91502,WillisKHutchins@superrito.com,818-977-5767,Jones,8/31/1976,MasterCard,5469081289087762,451,1/2028,556-96-3691
Ms.,Gloria,R,Reed,"2236 Spring Avenue",Philadelphia,PA,19108,GloriaRReed@jourrapide.com,267-622-7563,Smith,2/28/1958,MasterCard,5227415935470985,587,9/2026,205-36-7293
Ms.,Heidi,C,Morris,"4876 Gateway Road",Portland,OR,97220,HeidiCMorris@rhyta.com,503-256-5764,Mellon,10/8/1984,MasterCard,5409155692615105,646,2/2025,544-82-2722
Mr.,Donald,K,Bates,"30 Bolman Court",Springfield,IL,62703,DonaldKBates@dayrep.com,217-298-8804,Siebert,6/7/1989,Visa,4716726681763550,485,12/2024,358-84-5274
Ms.,Merri,A,Norton,"1213 Boone Street","Corpus Christi",TX,78476,MerriANorton@superrito.com,361-228-9092,White,5/1/1987,MasterCard,5265319127560186,910,3/2026,633-26-9524
Mrs.,Beth,B,Cardenas,"2991 Glory Road",Nashville,TN,37210,BethBCardenas@armyspy.com,931-993-0179,Wilcoxen,7/3/2003,MasterCard,5499519430028502,640,11/2027,756-01-4423
Mr.,Aaron,R,Smith,"4515 Seth Street",Abilene,TX,79602,AaronRSmith@jourrapide.com,325-577-9365,Szabo,3/27/1961,MasterCard,5352929858232989,500,9/2026,637-74-8528
Mrs.,Laura,W,Searle,"3262 Morgan Street",Pensacola,FL,32507,LauraWSearle@superrito.com,850-529-6689,Contreras,5/19/1982,MasterCard,5117254941398085,444,8/2026,772-12-0645
Mrs.,Jennifer,R,Coombs,"294 Cemetery Street",Houston,TX,77036,JenniferRCoombs@superrito.com,832-225-4691,Wade,12/11/1958,MasterCard,5475831993627903,517,11/2028,451-60-9246
Mrs.,Veronica,A,Morrison,"1645 Railroad Street",Wakefield,MI,49968,VeronicaAMorrison@armyspy.com,906-229-0556,Thomason,5/25/1992,MasterCard,5238110395980790,776,4/2027,372-72-9408
Mr.,John,J,Dunkle,"4574 Harley Brook Lane",Johnstown,PA,15901,JohnJDunkle@dayrep.com,814-539-6298,Foley,5/16/1972,Visa,4929959656080055,085,12/2024,208-60-1877
Mr.,Gerald,M,Cuellar,"172 Grim Avenue","San Diego",CA,92121,GeraldMCuellar@superrito.com,619-773-1677,Lampkin,2/17/1966,MasterCard,5444293263581849,304,8/2024,605-33-6419
Ms.,Jean,W,Griffin,"4809 College Street",Atlanta,GA,30340,JeanWGriffin@cuvox.de,404-373-1856,Elliott,1/15/1948,Visa,4916280462983464,270,5/2027,672-09-6871
Ms.,Sadie,J,Neher,"4297 Center Street","Junction City",OR,97448,SadieJNeher@armyspy.com,541-952-1326,Starr,1/16/1951,MasterCard,5468772895761375,428,6/2027,542-32-0039
Mr.,Maximo,H,Taylor,"3372 Highland View Drive",Sacramento,CA,95815,MaximoHTaylor@dayrep.com,916-565-4113,Kipp,11/4/1967,MasterCard,5409239274619840,720,2/2027,553-23-0034
Mrs.,Karon,J,Foster,"4647 Walkers Ridge Way",Northbrook,IL,60062,KaronJFoster@armyspy.com,630-263-0630,Malone,5/25/1964,Visa,4532898755508112,629,4/2026,326-04-6346
Mr.,Harold,K,Wright,"2606 Haymond Rocks Road","Walla Walla",OR,99362,HaroldKWright@einrot.com,541-558-6479,Alarcon,3/26/1980,MasterCard,5549755669512218,209,10/2026,543-56-4994
Mrs.,Geneva,J,Zazueta,"2646 Walkers Ridge Way",Wheeling,IL,60090,GenevaJZazueta@jourrapide.com,630-286-8593,Church,8/2/1969,Visa,4485794190120679,897,10/2027,352-58-5364
Ms.,Michelle,M,Elrod,"1857 Willow Oaks Lane",Lafayette,LA,70506,MichelleMElrod@cuvox.de,337-306-6426,Weaver,7/29/1970,MasterCard,5241157776305936,652,2/2025,659-01-2763
Mrs.,Paula,W,Davis,"1667 Philadelphia Avenue",Bountiful,UT,84010,PaulaWDavis@cuvox.de,801-299-2822,Sine,4/6/1939,Visa,4716555033257700,839,2/2028,529-42-3347
Ms.,Genevive,B,Buckle,"120 Joy Lane","Los Angeles",CA,90017,GeneviveBBuckle@superrito.com,818-499-7180,Ferguson,3/18/2002,Visa,4556136456976556,433,7/2028,570-70-6400
Mrs.,Bonnie,C,Steen,"1025 Jarvisville Road","New York",NY,10011,BonnieCSteen@gustr.com,516-874-5219,Rivera,1/20/1960,MasterCard,5100126805416188,270,4/2026,076-32-2000
Mr.,Erin,M,Bevill,"1668 Commerce Boulevard",Omaha,NE,68102,ErinMBevill@armyspy.com,402-546-2220,Eickhoff,11/29/1985,Visa,4716587633108488,504,6/2028,508-90-6242
Mr.,Micheal,G,Brouillette,"1091 Christie Way",Beverly,MA,01915,MichealGBrouillette@superrito.com,978-787-2922,King,8/6/1999,Visa,4539522873769967,609,6/2026,032-32-3747
Mr.,Robert,K,Holt,"4524 Benedum Drive",Goshen,NY,10924,RobertKHolt@teleworm.us,845-294-2765,Jones,7/30/1944,Visa,4929826065718650,422,11/2027,055-28-8709
Mrs.,Lisa,R,Reiss,"2454 Conifer Drive",Bothell,WA,98021,LisaRReiss@fleckens.hu,425-481-1475,Gaines,3/25/1948,MasterCard,5510465589614582,094,4/2026,536-41-1831
Mrs.,Charlene,E,Brooks,"4424 Burnside Avenue",Price,UT,84501,CharleneEBrooks@fleckens.hu,435-630-8652,Cox,6/1/1945,Visa,4916483561433791,449,2/2026,646-22-6918
Ms.,Laura,J,Ross,"1700 Spring Haven Trail","Rochelle Park",NJ,07662,LauraJRoss@rhyta.com,973-653-7192,Castro,11/16/1999,Visa,4916739717490419,973,11/2024,146-14-0715
Mrs.,Debra,W,Ferguson,"4771 Retreat Avenue",Birmingham,AL,35291,DebraWFerguson@cuvox.de,205-288-2131,Peterson,5/13/1959,MasterCard,5337006216048900,405,9/2024,421-74-0641
Dr.,Angelina,J,Kitchens,"1765 Lynn Ogden Lane",Westbury,TX,77708,AngelinaJKitchens@cuvox.de,409-753-9369,Daniel,1/23/1974,MasterCard,5421265057845942,448,2/2026,636-96-1226
Ms.,Nicole,E,Zuniga,"772 Henry Ford Avenue",Kellyville,OK,74039,NicoleEZuniga@cuvox.de,918-247-6362,Wakefield,2/13/1987,Visa,4916240309398052,020,11/2025,447-90-6579
Mr.,Devin,A,Barfield,"728 Ward Road","El Paso",TX,79901,DevinABarfield@gustr.com,915-200-6861,Moody,9/15/1939,Visa,4532271871838203,391,4/2024,629-07-6113
Mrs.,Elizabeth,J,Sison,"4651 Cecil Street",Chicago,IL,60610,ElizabethJSison@dayrep.com,312-266-2523,Woodson,9/2/1965,MasterCard,5177850428902435,780,7/2028,332-03-4381
Mr.,Wayne,V,Ford,"3741 Elk Avenue",Hillsdale,MI,49242,WayneVFord@dayrep.com,517-439-6514,Pinero,4/18/1954,Visa,4539809239819283,956,1/2027,381-26-5366
Dr.,Violet,B,Brown,"403 Fulton Street","Mineral Wells",WV,26150,VioletBBrown@gustr.com,304-489-3753,Odom,7/4/1952,Visa,4532200104228379,292,9/2026,234-26-1527
Mrs.,Evelyn,M,Rohrbach,"1491 Shinn Avenue",Avella,PA,15312,EvelynMRohrbach@superrito.com,724-587-9662,Templin,11/16/1981,MasterCard,5365633181563608,798,6/2026,168-80-5786
Ms.,Rhonda,H,Romano,"535 Passaic Street","Rochelle Park",NJ,07662,RhondaHRomano@rhyta.com,201-450-4404,Kinney,6/27/1955,MasterCard,5503390683697052,058,7/2028,142-26-5314
Ms.,Emily,S,Arevalo,"400 Loving Acres Road","Fort Worth",TX,76102,EmilySArevalo@einrot.com,817-204-3102,Puckett,8/12/1979,MasterCard,5415195003443161,073,9/2025,463-17-8575
Dr.,Vivian,S,Blackburn,"2184 Forest Drive","Falls Church",VA,22044,VivianSBlackburn@rhyta.com,703-929-1379,May,4/1/1963,Visa,4556356643363563,230,5/2024,226-66-1950
Mrs.,Cynthia,M,Galloway,"2060 Yorkie Lane",Savannah,GA,31401,CynthiaMGalloway@superrito.com,912-814-7482,Seger,4/14/1938,MasterCard,5474281942966112,910,11/2025,675-10-6280
Mr.,Marcus,R,Green,"3846 Olen Thomas Drive","Possum Kingdom Lake",TX,76045,MarcusRGreen@superrito.com,940-779-9142,Durocher,4/5/2002,Visa,4716664878879626,658,6/2026,630-10-5610
Mr.,Thomas,S,Poplar,"3818 Petunia Way",Birmingham,AL,35209,ThomasSPoplar@jourrapide.com,205-889-8981,Cintron,11/22/1949,Visa,4539904045048035,525,3/2025,421-49-2655
Mrs.,Judith,J,Chaffee,"4198 Hillview Drive",Gainesville,GA,30501,JudithJChaffee@teleworm.us,706-983-6239,Fannin,5/15/1956,MasterCard,5544971219444902,434,6/2027,675-05-8251
Mr.,Jamal,N,Winstead,"3631 Pine Street",Sewickley,PA,15143,JamalNWinstead@einrot.com,724-351-7990,Pack,12/26/1995,Visa,4539458896627041,231,10/2027,196-48-0191
Mr.,David,D,Avery,"1773 Seltice Way",Eagle,ID,83642,DavidDAvery@dayrep.com,208-739-0541,Blanchard,12/22/1953,Visa,4916697533426530,564,4/2028,519-26-9414
Mr.,David,L,Johns,"3759 Northwest Boulevard","Rochelle Park",NJ,07662,DavidLJohns@rhyta.com,201-913-1995,Perkins,5/4/1954,MasterCard,5311034137898120,772,12/2024,141-38-3677
Ms.,Rachel,R,Navarro,"1043 Hall Place",Linden,TX,75563,RachelRNavarro@rhyta.com,903-756-4119,Layton,2/6/1995,Visa,4532700936792062,297,9/2024,632-24-2628
Mr.,Juan,K,White,"3748 Candlelight Drive","Sugar Land",TX,77478,JuanKWhite@rhyta.com,281-439-8503,Legrand,9/30/1942,Visa,4532884493281196,846,8/2024,460-77-6700
Ms.,Linda,T,Edwards,"3168 Stadium Drive",Cambridge,MA,02141,LindaTEdwards@cuvox.de,508-283-4857,Pritchard,5/18/1946,Visa,4716486719397950,535,8/2028,018-16-2913
Mr.,David,G,Herron,"2712 Clifford Street","San Leandro",CA,94578,DavidGHerron@dayrep.com,510-614-0756,Spivey,8/19/1961,MasterCard,5548162272472412,538,9/2026,617-96-1781
Mr.,David,R,Kilmer,"2195 Quiet Valley Lane",Sepulveda,CA,91343,DavidRKilmer@cuvox.de,818-892-4070,Watson,5/20/1984,Visa,4716087562358501,499,4/2025,565-19-1400
Dr.,Paul,G,Tolley,"675 Maud Street",Dover,DE,19901,PaulGTolley@fleckens.hu,302-672-6591,Blanchard,5/30/1949,Visa,4485526615824471,805,10/2025,221-05-4758
Mr.,Albert,K,Gordon,"514 School Street",Washington,DC,20036,AlbertKGordon@rhyta.com,202-862-2388,Baron,3/22/1976,Visa,4539362615728736,816,12/2026,578-98-9960
Mrs.,Kelly,A,Lane,"1722 Dane Street",Oakesdale,WA,99158,KellyALane@teleworm.us,509-285-9485,Alexander,3/27/2003,MasterCard,5551086233926279,343,8/2027,535-66-3735
Mrs.,Shannon,K,Gordon,"4053 Whitetail Lane",Dallas,TX,75204,ShannonKGordon@armyspy.com,469-357-2306,Hutsell,5/9/1946,MasterCard,5139070096766155,101,8/2024,461-85-3188
Mr.,Paul,J,Milano,"1595 Southern Avenue",Nashua,IA,50658,PaulJMilano@dayrep.com,641-435-1117,Hong,5/31/1945,MasterCard,5198872126856288,064,4/2024,478-94-8953
Ms.,Justina,C,Renner,"1134 Star Route","Oak Brook",IL,60523,JustinaCRenner@rhyta.com,708-550-1683,Cooper,10/23/1939,Visa,4916210189813157,280,4/2028,345-94-3237
Mr.,Paul,M,Howard,"587 Paradise Lane",Chino,CA,91710,PaulMHoward@gustr.com,909-591-4966,Picklesimer,9/25/1978,MasterCard,5151282639261320,598,7/2024,605-26-4619
Mr.,Victor,A,Meehan,"2049 Charla Lane",Dallas,TX,75212,VictorAMeehan@armyspy.com,972-741-8070,Herrera,8/2/1990,Visa,4716281227542019,154,2/2028,642-88-9203
Mr.,Eugene,B,Hunt,"4879 Davis Place",Springfield,MO,65804,EugeneBHunt@gustr.com,417-955-5157,Karlson,4/14/1966,MasterCard,5362792972434610,063,8/2027,497-50-2506
Mr.,Lester,R,Knapp,"2737 Ford Street","San Francisco",CA,94108,LesterRKnapp@cuvox.de,408-506-1996,Jordan,3/15/1944,MasterCard,5197158792135939,391,5/2024,546-54-3223
Ms.,Dorothy,S,Smith,"1730 Milford Street",Contoocook,NH,03229,DorothySSmith@dayrep.com,603-746-2409,Emery,4/3/1965,MasterCard,5116750882093933,118,1/2027,001-60-1593
Mr.,William,R,Harris,"981 Melm Street",Providence,RI,02908,WilliamRHarris@fleckens.hu,401-292-4736,Cerrone,12/1/1959,MasterCard,5489090755514114,284,2/2027,038-62-4495
Mrs.,Roxanne,J,Snow,"3591 Brownton Road",Greenwood,MS,38930,RoxanneJSnow@dayrep.com,662-321-8104,Craighead,10/15/1941,Visa,4556676449817318,103,6/2028,426-38-6180
Mr.,Robert,F,Wheless,"3070 Scott Street",Barryville,NY,12719,RobertFWheless@cuvox.de,845-557-4681,Pew,12/22/1987,Visa,4485318208206336,800,6/2025,124-42-0091
Mrs.,Holly,B,Cowley,"2264 Saint James Drive",Harrisburg,PA,17109,HollyBCowley@einrot.com,717-540-7065,Sanchez,10/5/1978,Visa,4929396084213844,983,8/2028,193-20-1438
Dr.,Lucy,F,Remillard,"3548 Maple Street",Anaheim,CA,92801,LucyFRemillard@cuvox.de,714-330-2250,Molina,11/23/1984,Visa,4929058134490224,617,9/2025,569-07-1032
Mrs.,Betty,I,Henderson,"3178 Romines Mill Road",Dallas,TX,75247,BettyIHenderson@teleworm.us,214-640-1060,Pena,11/26/1976,MasterCard,5237397972402352,640,1/2026,466-86-3948
Mr.,Jessie,M,Jimenez,"393 Glen Falls Road",Jenkintown,PA,19046,JessieMJimenez@gustr.com,215-885-2346,Taylor,1/5/1998,Visa,4532875431358583,701,10/2025,170-62-1150
Ms.,Henrietta,C,Gauthier,"1854 Creekside Lane","Arroyo Grande",CA,93420,HenriettaCGauthier@cuvox.de,805-679-2858,Pomeroy,1/21/1944,MasterCard,5584413839374541,062,8/2024,615-58-4177
Mr.,David,M,Hicks,"3078 Havanna Street",Greensboro,NC,27409,DavidMHicks@fleckens.hu,336-423-7532,Heller,6/30/1977,Visa,4485745278740630,779,1/2026,241-64-7019
Mr.,Thomas,M,Stinnett,"3489 Gordon Street",Rialto,CA,92376,ThomasMStinnett@gustr.com,909-562-6407,Sheely,10/15/1965,MasterCard,5542852718685462,265,7/2026,553-54-3615
Mrs.,Judy,M,Rangel,"4540 Selah Way",Burlington,VT,05401,JudyMRangel@armyspy.com,802-658-3109,Evans,5/3/1993,Visa,4556548263261131,726,8/2027,008-78-5866
Mrs.,Leila,C,Silver,"2274 Warner Street",Miami,FL,33128,LeilaCSilver@armyspy.com,305-990-2245,Williams,9/18/1998,Visa,4716003227197622,840,4/2024,769-40-8005
Ms.,Sandra,D,Anderson,"3516 Rainbow Road",Beardsley,AZ,85345,SandraDAnderson@jourrapide.com,623-975-5362,Flowers,4/8/1982,Visa,4916495686623866,035,4/2024,765-40-8037
Mr.,Vincent,D,Greenwalt,"1873 Emeral Dreams Drive",Freeport,IL,61032,VincentDGreenwalt@einrot.com,815-238-6607,Hall,1/8/1938,Visa,4929648611089513,561,4/2028,322-28-1112
Ms.,Cynthia,S,Wilson,"1447 Rubaiyat Road","Grand Rapids",MI,49503,CynthiaSWilson@fleckens.hu,231-629-6751,Mitchell,3/28/1982,Visa,4716149900367667,696,2/2025,381-38-7900
Mr.,George,P,Broughton,"4221 Crestview Terrace","Del Rio",TX,78840,GeorgePBroughton@einrot.com,830-703-9474,Conrad,5/11/1965,Visa,4916294939038430,631,1/2027,464-43-8198
Mr.,Dan,C,Fields,"883 Rose Street",Crestwood,IL,60445,DanCFields@gustr.com,708-259-6006,Liles,7/27/1954,Visa,4716952234680121,710,12/2025,348-18-4817
Mrs.,Sabrina,K,Castillo,"3532 Pleasant Hill Road",Gardena,CA,90248,SabrinaKCastillo@armyspy.com,562-221-7969,Clark,4/4/1970,Visa,4916184473007489,058,10/2025,625-02-1317
Ms.,Linda,P,Ramirez,"3007 Brannon Avenue",Jacksonville,FL,32217,LindaPRamirez@teleworm.us,904-732-0698,Harris,11/19/1959,MasterCard,5522633914026915,337,12/2026,263-57-6359
Mr.,Henry,H,Spillman,"3269 Medical Center Drive",Venice,FL,34285,HenryHSpillman@armyspy.com,941-488-6400,Sealy,3/17/1962,Visa,4556502621678502,232,4/2026,595-64-5782
Mrs.,Kirsten,G,Moody,"1127 Geneva Street","Garden City",NY,11530,KirstenGMoody@superrito.com,917-420-0436,Boggs,11/9/1970,MasterCard,5596436297515889,746,11/2026,133-88-9542
Mr.,Douglas,J,Toliver,"2870 Jerry Toth Drive",Nuiqsut,AK,99789,DouglasJToliver@dayrep.com,907-480-0736,Wickham,2/26/1971,MasterCard,5327775305028922,188,9/2025,574-03-2916
Mr.,Leonard,C,Wright,"754 Sardis Station","Golden Valley",MN,55427,LeonardCWright@rhyta.com,612-419-6145,Sharpton,7/20/1972,Visa,4929603097642434,734,12/2028,472-48-8045
Ms.,Teresa,C,Johnson,"4705 Langtown Road",Davenport,IA,52804,TeresaCJohnson@rhyta.com,563-940-4318,Graves,5/17/1984,MasterCard,5279441978128980,683,3/2028,482-05-5662
Mr.,Edward,A,Colon,"4726 Stonecoal Road",Toledo,OH,43604,EdwardAColon@fleckens.hu,419-552-5946,Rhinehart,9/27/1962,MasterCard,5156978719936310,766,3/2025,302-12-0391
Mr.,Will,S,Cook,"4411 Bruce Street","Maryland Heights",MO,63043,WillSCook@cuvox.de,314-283-8455,Upshaw,11/4/1965,MasterCard,5247442978353031,877,2/2024,488-07-4284
Mrs.,Renee,W,Aguilera,"2821 Oak Lane",Alma,MO,64001,ReneeWAguilera@gustr.com,660-674-6953,Plunkett,1/6/1966,Visa,4556654921426031,840,5/2025,492-90-9947
Ms.,Laura,E,Thornton,"1894 Jerry Dove Drive",Florence,SC,29501,LauraEThornton@armyspy.com,843-428-2163,Bowman,10/26/1939,MasterCard,5475917572805158,392,9/2028,248-74-8152
Dr.,Estella,R,Shaw,"2447 Maxwell Farm Road",Redding,CA,96001,EstellaRShaw@fleckens.hu,530-962-4285,Hernandez,5/30/1973,Visa,4556419966793285,375,10/2026,569-74-1596
Mr.,Steven,A,Hutcheson,"2647 Nash Street",Chicago,IL,60601,StevenAHutcheson@jourrapide.com,312-946-3625,Lenard,5/9/1998,Visa,4532826084853750,976,10/2024,359-36-4400
Ms.,Agnes,T,Hunt,"2601 Coburn Hollow Road",Peoria,IL,61602,AgnesTHunt@fleckens.hu,309-435-0935,Campbell,12/19/1957,MasterCard,5351668076098027,134,4/2026,336-26-1816
Mr.,Bruce,M,Cooper,"2465 Pike Street","San Diego",CA,92123,BruceMCooper@dayrep.com,858-626-4387,Rivera,5/16/1953,MasterCard,5137194439363165,678,6/2024,568-48-3416
Mr.,Matthew,B,Macklin,"158 Twin Willow Lane",Southport,NC,28461,MatthewBMacklin@dayrep.com,910-454-0509,Parsons,9/14/1941,Visa,4556227759795312,128,5/2027,238-15-5504
Mr.,Stephen,S,Jackson,"4451 Paradise Lane","Los Angeles",CA,90017,StephenSJackson@superrito.com,909-692-1958,Cox,7/26/1991,MasterCard,5473773116843367,381,1/2024,547-06-7915
Ms.,Elena,C,Key,"4874 County Line Road","St George",FL,34683,ElenaCKey@teleworm.us,727-772-9329,Flower,3/29/1968,MasterCard,5137398659604089,538,6/2027,263-07-9963
Mr.,Wayne,A,Belanger,"2251 Pearlman Avenue","South Boston",MA,02127,WayneABelanger@cuvox.de,978-267-0898,Girouard,6/10/1970,MasterCard,5262024893975856,494,3/2028,011-54-3113
Mr.,John,L,Sylvester,"2646 Stoney Lane",Kaufman,TX,75142,JohnLSylvester@fleckens.hu,972-962-8120,Wortman,6/12/1971,Visa,4485158805632983,830,2/2024,457-28-9626
Ms.,Sarah,K,Trojanowski,"4172 Vernon Street","Mira Loma",CA,91752,SarahKTrojanowski@fleckens.hu,760-701-0996,Boyd,7/1/2003,MasterCard,5322293720396846,605,8/2028,566-51-9288
Ms.,Trinity,K,Doan,"1118 Stiles Street",Pittsburgh,PA,15237,TrinityKDoan@jourrapide.com,412-630-3641,Molina,2/9/1965,Visa,4556809635091204,439,1/2026,193-09-1410
Mr.,Robert,W,Johnson,"3465 Jerry Toth Drive",Quinhagak,AK,99655,RobertWJohnson@cuvox.de,907-556-5891,Ryan,4/9/1964,Visa,4485019580373039,078,9/2025,574-22-6823
Mr.,James,R,Crider,"4384 Queens Lane","Drakes Branch",VA,23937,JamesRCrider@einrot.com,434-568-3800,Wiseman,6/19/1945,MasterCard,5150685239393577,702,10/2026,699-01-9118
Mr.,Thomas,J,Torres,"1329 Blair Court","Kansas City",MO,64106,ThomasJTorres@gustr.com,660-557-1727,Baker,1/18/1980,MasterCard,5546454135189164,743,12/2028,487-16-3975
Mr.,William,M,Nolan,"4995 Emma Street",Lubbock,TX,79401,WilliamMNolan@gustr.com,806-787-7335,Lydon,9/22/1944,MasterCard,5368447201695044,104,10/2027,451-18-5625
Mrs.,Yvonne,R,Boulanger,"3724 Strother Street",Berry,AL,35546,YvonneRBoulanger@armyspy.com,205-689-7923,Bryan,7/8/1997,Visa,4916453439865359,930,2/2026,423-82-7370
Mr.,Gerald,R,Conder,"3022 Dogwood Lane",Tucson,AZ,85710,GeraldRConder@superrito.com,520-722-1422,Law,11/19/1964,Visa,4556899686358347,981,11/2028,600-64-3736
Mrs.,Ruth,J,Ryan,"3029 Frum Street",Nashville,TN,37217,RuthJRyan@dayrep.com,615-365-3823,Silverman,12/24/1941,Visa,4929538072397986,513,8/2028,762-01-7251
Ms.,Lora,G,McAdams,"2706 Hall Place","Pine Acres",TX,75644,LoraGMcAdams@dayrep.com,903-790-3769,Broaddus,7/22/2000,Visa,4556691542977216,795,5/2024,449-78-1099
Mr.,Tony,E,Campbell,"3386 Norman Street","Long Beach",CA,90802,TonyECampbell@gustr.com,323-301-2234,Eckhoff,4/30/1946,MasterCard,5221254766420439,818,1/2027,621-45-9541
Mr.,Andre,T,Hastings,"3781 Benedum Drive","New York",NY,10011,AndreTHastings@fleckens.hu,845-367-1039,Flores,10/17/1987,Visa,4485105127287228,933,5/2028,094-80-4245
Mr.,Richard,E,Hicks,"2772 Centennial Farm Road","Pacific Junction",IA,51561,RichardEHicks@fleckens.hu,712-622-9019,Thompson,6/24/1984,MasterCard,5383524920224552,832,6/2027,485-82-9517
Mrs.,Margret,A,Davila,"1536 Lowndes Hill Park Road","Los Angeles",CA,90017,MargretADavila@rhyta.com,661-450-1387,Stewart,4/3/1986,MasterCard,5259118113132069,296,12/2028,563-73-8449
Mrs.,Amanda,R,Fitzmaurice,"1991 Ford Street","San Jose",CA,95131,AmandaRFitzmaurice@armyspy.com,408-527-0804,Allen,3/9/1945,Visa,4485697833919466,334,7/2026,626-56-6813
Ms.,Brittney,S,Graham,"4849 Keyser Ridge Road",Greensboro,NC,27401,BrittneySGraham@teleworm.us,336-508-3891,Tijerina,12/16/1985,Visa,4485402276846544,605,4/2026,243-18-8572
Mr.,Louis,B,Schubert,"3132 West Drive",Chicago,IL,60605,LouisBSchubert@superrito.com,312-461-5726,Samson,12/4/1994,Visa,4916004226663273,937,5/2027,359-62-1077
Mr.,James,M,Marx,"1488 Derek Drive",Salem,OH,44460,JamesMMarx@dayrep.com,330-429-0438,Baez,6/23/1942,MasterCard,5235593272223579,904,3/2024,282-90-4753
Ms.,Agnes,A,Wilson,"2533 Romano Street",Lexington,MA,02421,AgnesAWilson@teleworm.us,781-372-0895,Brown,1/7/1940,Visa,4916408656940673,292,4/2027,028-12-4160
Ms.,Marilyn,W,McFarland,"1279 Lawman Avenue",Fairfax,VA,22032,MarilynWMcFarland@rhyta.com,703-249-7797,Wisniewski,11/13/1960,MasterCard,5229967797667528,368,9/2028,695-03-3332
Ms.,Karen,C,Brown,"1922 State Street",Detroit,MI,48219,KarenCBrown@fleckens.hu,313-908-9078,Allen,12/4/1979,MasterCard,5459944489081954,936,4/2028,367-30-7887
Mr.,Jim,S,Williams,"2697 Patterson Road","South Ozone Park",NY,11420,JimSWilliams@teleworm.us,718-848-1019,Francisco,6/14/1967,MasterCard,5478169560959822,819,2/2027,064-38-1153
Mr.,Bill,L,Chicoine,"2530 Bicetown Road","New York",NY,10007,BillLChicoine@rhyta.com,917-375-0618,Willard,4/23/1961,MasterCard,5551662702086132,759,3/2026,084-54-5810
Mr.,Donald,K,Bishop,"441 Poe Road",Charleston,SC,29401,DonaldKBishop@einrot.com,843-266-5971,Acosta,5/28/1985,Visa,4556396020697589,668,8/2026,654-01-2142
Mr.,James,S,Burton,"1643 Emeral Dreams Drive",Nelson,IL,61058,JamesSBurton@armyspy.com,815-251-9148,Harris,11/19/1966,MasterCard,5518162102688175,360,1/2025,338-44-5881
Mr.,Kevin,M,Lucas,"1838 Cherry Ridge Drive","Bloomfield Township",MI,48302,KevinMLucas@cuvox.de,586-216-0610,Lynn,2/7/1969,Visa,4716235267627080,935,9/2028,386-78-0996
Mrs.,Madeline,L,Hutton,"3146 Old House Drive",Racine,OH,45771,MadelineLHutton@teleworm.us,740-949-6020,Cruz,10/5/1940,Visa,4485764137981210,210,8/2027,292-40-6918
Mr.,Thomas,D,Wilson,"4477 Kembery Drive",Naperville,IL,60540,ThomasDWilson@fleckens.hu,630-579-6121,Macias,12/16/1997,Visa,4532239344386704,161,4/2024,356-16-4839
Mrs.,Joana,R,Barnard,"3050 Ingram Street",Dayton,OH,45407,JoanaRBarnard@gustr.com,937-556-4421,Hammond,9/23/2001,Visa,4485907011773837,373,12/2026,281-72-4451
Mr.,Ian,N,Harper,"2330 Virginia Street",Chicago,IL,60631,IanNHarper@gustr.com,773-631-5240,Camarillo,1/28/1955,Visa,4485008609385843,440,12/2024,320-66-3765
Mr.,Carlos,L,Herndon,"4278 Pine Tree Lane",Herndon,MD,22070,CarlosLHerndon@cuvox.de,240-450-7463,Aho,2/13/1966,MasterCard,5319601788379204,378,7/2024,219-84-1518
Mr.,John,A,Hass,"4169 Hall Valley Drive",Logan,WV,25601,JohnAHass@gustr.com,304-601-8947,Sparks,9/26/1976,MasterCard,5424485753674845,188,3/2027,233-43-4804
Ms.,Lisa,R,Palmieri,"1458 Shinn Avenue","Cranberry Twp (Butler)",PA,16066,LisaRPalmieri@einrot.com,724-561-6322,Gurney,12/10/1999,MasterCard,5321061634780731,577,3/2024,176-40-5420
Ms.,Marguerite,G,Cahill,"3215 Westwood Avenue","Great Neck",NY,11021,MargueriteGCahill@einrot.com,516-773-6105,McGhee,8/14/1967,MasterCard,5198676894920774,106,11/2028,104-24-0964
Mr.,Mark,W,Belisle,"1209 Isaacs Creek Road",Beason,IL,62512,MarkWBelisle@teleworm.us,217-447-8137,Petterson,1/7/1978,MasterCard,5437813873136095,898,8/2028,355-86-7899
Mrs.,Joanna,R,Guerra,"4789 Cameron Road",Jamestown,NY,14701,JoannaRGuerra@jourrapide.com,716-488-6454,Riley,5/24/1955,Visa,4532840086209929,213,1/2027,053-78-1553
Ms.,Juanita,K,Ulrich,"1524 Collins Street","State College",PA,16801,JuanitaKUlrich@armyspy.com,814-231-7813,Baer,6/5/1992,MasterCard,5339169215559968,421,3/2025,165-62-9419
Mrs.,Ida,D,Spencer,"4836 Rainbow Road","Santa Fe Springs",CA,90670,IdaDSpencer@fleckens.hu,626-235-0572,Chamberlain,5/9/1956,MasterCard,5572247323590798,211,7/2028,611-66-5885
Ms.,Clara,A,Smith,"4608 Dogwood Lane",Coolidge,AZ,85228,ClaraASmith@jourrapide.com,520-723-8419,Edward,2/26/1982,MasterCard,5582379561988489,885,7/2027,600-47-6688
Ms.,Tina,L,Dalton,"796 Vernon Street",Riverside,CA,92507,TinaLDalton@superrito.com,760-718-0219,Gamble,1/24/1978,MasterCard,5148691602798900,741,11/2025,606-13-2341
Mr.,Jacob,J,Love,"3361 Emily Drive",Columbia,SC,29210,JacobJLove@gustr.com,803-917-0618,Jackson,1/1/1977,MasterCard,5414434697624252,300,4/2027,247-70-7787
Ms.,Margaret,B,Harris,"360 Norman Street",Bellflower,CA,90706,MargaretBHarris@dayrep.com,323-345-5587,Curtis,6/20/1958,Visa,4532558455306684,975,8/2025,565-24-1064
Mr.,Lamar,L,Veney,"2041 Heliport Loop",Bloomington,IN,47404,LamarLVeney@cuvox.de,812-650-4386,Coleman,7/15/1951,Visa,4929806955446760,605,7/2025,312-03-3538
Mr.,Kent,B,Brown,"1618 Sherman Street",Lecompton,KS,66050,KentBBrown@rhyta.com,785-887-5584,Wiliams,3/1/1946,Visa,4485961208253988,849,4/2028,515-02-4562
Mr.,James,K,Arellano,"2230 Airplane Avenue",Hartford,CT,06182,JamesKArellano@armyspy.com,860-883-0086,Horton,11/28/1948,Visa,4916618005602754,408,5/2025,046-12-3443
Ms.,Kristi,J,Church,"2306 Southern Street","Long Island City",NY,11101,KristiJChurch@teleworm.us,516-634-1882,Bustamante,7/30/1995,Visa,4532475299911498,473,3/2024,109-10-2922
Mrs.,Addie,H,Wall,"2136 Hedge Street",Newark,NJ,07102,AddieHWall@armyspy.com,908-718-7113,Hayes,4/1/1939,Visa,4916992705864943,425,8/2027,157-52-5457
Mr.,Tommy,D,Jeffries,"3174 Joes Road",Millerton,NY,12546,TommyDJeffries@dayrep.com,518-789-9111,Perna,8/27/1946,MasterCard,5294024651161543,428,10/2025,058-92-6972
Mr.,Robert,P,Greenwood,"2221 Par Drive","San Luis Obispo",CA,93401,RobertPGreenwood@dayrep.com,805-782-4563,Lopez,6/23/1988,MasterCard,5269415506639348,225,2/2028,617-98-7838
Mrs.,Linda,K,Horta,"4282 Wyatt Street","West Palm Beach",FL,33410,LindaKHorta@rhyta.com,561-450-8066,Shand,12/4/1946,Visa,4485439893396362,127,11/2026,261-31-4828
Ms.,Bonnie,J,Gillingham,"1417 Valley View Drive","West Roxbury",MA,02132,BonnieJGillingham@armyspy.com,617-694-3366,Morris,12/29/1988,MasterCard,5282846083684757,985,6/2026,025-28-3387
Mr.,James,M,Brown,"3953 Benson Park Drive","Oklahoma City",OK,73102,JamesMBrown@fleckens.hu,405-519-2954,Jones,3/27/1988,Visa,4485206114736217,117,3/2028,442-26-5315
Mr.,Samuel,S,Garner,"2269 Duke Lane",Newark,NJ,07102,SamuelSGarner@dayrep.com,732-759-7116,Gonzales,10/10/1960,MasterCard,5329418296246199,401,6/2024,144-64-7440
Mrs.,Ann,P,Easter,"4680 Berry Street","Lake George",CO,80827,AnnPEaster@teleworm.us,719-748-4829,Maynard,11/11/2001,MasterCard,5125558575170440,471,7/2028,521-72-3274
Mrs.,Roberta,L,Hamby,"4989 Cambridge Drive",Tempe,AZ,85282,RobertaLHamby@fleckens.hu,623-628-5294,Backman,7/25/1976,Visa,4916594270470716,194,12/2026,601-48-4806
Mr.,Paul,K,Kelly,"4695 Brown Street",Kingman,AZ,86401,PaulKKelly@gustr.com,928-218-1616,Harrison,7/18/1983,Visa,4929778644365604,360,9/2026,527-41-1700
Dr.,Roberta,R,Williamson,"4442 Sunburst Drive","Fort Myers",FL,33905,RobertaRWilliamson@dayrep.com,239-281-1183,Leavitt,12/23/1961,MasterCard,5549260428820770,822,5/2024,766-30-7726
Ms.,Dolores,E,Murray,"1609 Pooh Bear Lane",Greenville,SC,29607,DoloresEMurray@dayrep.com,864-680-2629,Johson,7/2/1961,Visa,4716781538315674,562,3/2027,250-92-2429
Ms.,Shannon,S,Green,"3285 Patterson Street","Sugar Land",TX,77478,ShannonSGreen@teleworm.us,713-326-0465,Williams,6/15/1955,Visa,4716149521183162,474,2/2028,455-52-2450
Mr.,Michael,P,Mills,"3528 Kenwood Place",Plantation,FL,33317,MichaelPMills@rhyta.com,954-583-4127,Charles,1/31/1968,Visa,4532998277958538,503,3/2025,767-48-7147
Ms.,Patricia,C,Doss,"3116 Vine Street",Schaumburg,IL,60173,PatriciaCDoss@einrot.com,847-610-2155,Harrington,3/21/1947,Visa,4539920689758481,312,3/2024,338-26-9179
Mrs.,Josephine,T,Kerry,"4046 Science Center Drive","Saint Anthony",ID,83445,JosephineTKerry@jourrapide.com,208-558-4670,Flanagan,8/23/1987,Visa,4485836333243908,313,11/2026,519-11-4632
Mr.,Leon,M,Beal,"2078 Byers Lane","Yuba City",CA,95991,LeonMBeal@jourrapide.com,530-751-6490,Staples,7/26/1977,MasterCard,5538021182888236,525,5/2028,552-08-1012
Mr.,Ron,C,Bryant,"1964 Thomas Street",Wheeling,IL,60090,RonCBryant@dayrep.com,847-520-6327,Nash,2/19/1984,Visa,4716467703900702,141,1/2026,346-05-0352
Mr.,Walter,Y,Scales,"720 Meadowcrest Lane",Williamsburg,KY,40769,WalterYScales@teleworm.us,606-549-4326,Baird,6/5/1988,Visa,4916724045634771,523,3/2025,402-10-7065
Mr.,Joshua,T,Deyoung,"1344 Buck Drive","Salt Lake City",UT,84104,JoshuaTDeyoung@teleworm.us,801-993-3786,Morris,2/17/1968,MasterCard,5127692807116695,040,10/2026,528-09-2781
Ms.,Stephanie,B,Olson,"2796 Hilltop Haven Drive",Passaic,NJ,07055,StephanieBOlson@armyspy.com,973-773-2242,Hernandez,9/24/1952,Visa,4485187667877097,076,7/2026,151-20-1899
Mr.,Nolan,R,Contreras,"94 Walnut Drive","Glen Ullin",ND,58631,NolanRContreras@superrito.com,701-348-8187,Carmichael,9/26/1956,Visa,4556165874504617,600,9/2028,502-88-5267
Ms.,Jessica,A,Lee,"1629 Oakmound Drive",Bridgeview,IL,60455,JessicaALee@armyspy.com,773-368-2574,Egerton,4/17/1942,Visa,4929495926117047,651,11/2028,344-16-2174
Mrs.,Frances,H,Mitchell,"1307 Charter Street","Kansas City",KS,66223,FrancesHMitchell@armyspy.com,913-681-8117,Williams,3/8/1993,Visa,4532595151508650,362,5/2028,513-25-6809
Mrs.,Erin,W,Cavanaugh,"3075 Lauren Drive",Madison,WI,53703,ErinWCavanaugh@superrito.com,608-448-6828,Dejohn,4/13/1955,Visa,4929557621038800,451,8/2026,390-54-3005
Mr.,Donald,A,Blake,"294 Poplar Chase Lane",Lewiston,ID,83501,DonaldABlake@gustr.com,208-298-4557,Colman,11/16/1987,Visa,4532524011902341,962,1/2028,518-28-0646
Ms.,Jennifer,D,Jones,"3466 Courtright Street",Arnegard,ND,58835,JenniferDJones@dayrep.com,701-586-7461,Kyles,11/18/1980,MasterCard,5111493615761592,343,10/2027,502-34-7173
Ms.,Tessie,E,Rich,"2017 Sharon Lane","South Bend",IN,46618,TessieERich@gustr.com,574-240-4276,Jackson,9/5/2002,Visa,4716304646073182,807,9/2026,312-02-4927
Mrs.,Alexandria,T,Nelson,"1125 Sussex Court",Killeen,TX,76541,AlexandriaTNelson@jourrapide.com,254-383-9310,Kim,3/23/1947,MasterCard,5148372694820528,986,4/2028,643-30-7751
Mrs.,Lisa,B,Rosario,"1581 Wayside Lane",Hayward,CA,94545,LisaBRosario@teleworm.us,510-269-6859,Williams,10/9/1938,Visa,4716458354314590,617,9/2028,564-94-6620
Mrs.,Mandy,M,Wheeler,"370 Elk Creek Road",Loganville,GA,30249,MandyMWheeler@teleworm.us,770-466-2746,Lozano,1/23/1966,Visa,4916208790918183,615,11/2027,669-18-3767
Ms.,Melissa,B,Hardman,"1 Center Street","White City",OR,97503,MelissaBHardman@gustr.com,541-949-9892,Norris,1/31/1995,MasterCard,5570054533515512,335,6/2028,542-18-4419
Ms.,Socorro,B,Richey,"1303 Norma Avenue",Plantersville,TX,77363,SocorroBRichey@fleckens.hu,936-894-3792,Arnold,12/20/1972,MasterCard,5216693201658490,920,6/2024,460-54-9894
Mr.,Gary,A,Taylor,"4476 Walton Street","Salt Lake City",UT,84116,GaryATaylor@jourrapide.com,801-358-4555,Perales,5/24/1977,Visa,4556551396276125,382,8/2028,528-55-9671
Mrs.,Vernita,A,Ahrens,"4784 Cerullo Road",Louisville,KY,40203,VernitaAAhrens@armyspy.com,502-379-9500,Spadaro,3/3/1957,Visa,4556247705283254,904,5/2026,405-15-2152
Mr.,Carl,S,Lake,"3653 Ersel Street",Dallas,TX,75247,CarlSLake@fleckens.hu,214-405-0726,Collins,1/21/1954,Visa,4716922712721085,732,1/2025,456-74-6183
Mr.,Douglas,D,Mattia,"4013 Mulberry Street",Houston,TX,77006,DouglasDMattia@teleworm.us,936-498-5391,McIntyre,3/17/1962,Visa,4716380936403164,285,8/2028,629-68-8955
Mr.,Christopher,M,Vo,"2131 Rosebud Avenue",Wickes,AR,71973,ChristopherMVo@gustr.com,870-385-2374,Gray,4/17/1973,MasterCard,5240082077845938,087,8/2027,676-05-9939
Mr.,Peter,J,Stemple,"2310 Hillside Street",Mesa,AZ,85201,PeterJStemple@teleworm.us,480-615-6402,Farlow,6/22/1963,MasterCard,5529501544176611,492,3/2026,526-72-9939
Mr.,Mike,C,Webb,"4230 Poplar Street",Chicago,IL,60605,MikeCWebb@gustr.com,708-741-4472,Anderson,6/17/1968,MasterCard,5289609030020522,316,4/2025,348-96-5571
Ms.,Aida,R,McNeely,"2449 Tennessee Avenue",Southfield,MI,48075,AidaRMcNeely@einrot.com,248-264-1934,Bryant,3/28/1992,MasterCard,5175835449609244,916,7/2025,378-05-3704
Ms.,Bethany,A,Doss,"2835 Joes Road",Albany,NY,12207,BethanyADoss@rhyta.com,518-750-5504,Reynolds,8/18/1978,MasterCard,5568450530293794,920,1/2025,094-66-8894
Mr.,Eddy,R,Sanders,"330 Irving Place",Fenton,MO,63026,EddyRSanders@armyspy.com,636-343-6493,Davis,10/8/1961,MasterCard,5366981254609181,438,9/2028,499-13-8581
Mr.,Robert,P,Powers,"2754 Gateway Road",Portland,OR,97205,RobertPPowers@rhyta.com,503-326-1166,Miner,12/28/1976,Visa,4929053341977626,824,5/2027,541-76-7467
Mr.,Roger,E,Lopez,"220 Rollins Road",Kearney,NE,68847,RogerELopez@gustr.com,308-865-8739,Farley,10/25/1949,Visa,4539217319552354,036,9/2028,508-58-6101
Mr.,Steven,P,Lauderdale,"3251 Tori Lane","Salt Lake City",UT,84111,StevenPLauderdale@einrot.com,801-594-7196,Tolliver,1/25/1957,Visa,4716511829050049,619,4/2028,528-13-6671
Ms.,Debra,R,Carolan,"4802 Edgewood Road",Memphis,TN,38110,DebraRCarolan@gustr.com,901-221-4593,Forbes,10/6/1957,Visa,4556082848371207,832,11/2027,763-01-2141
Mr.,Tony,K,Green,"3919 Lakewood Drive","Jersey City",NJ,07304,TonyKGreen@fleckens.hu,201-906-7773,Maxwell,9/26/1971,Visa,4556555678590434,764,8/2024,145-15-8326
Mr.,Gary,C,Bullard,"3834 Glendale Avenue",Reseda,CA,91335,GaryCBullard@superrito.com,818-708-8837,Combs,5/14/2003,MasterCard,5558159768379454,125,10/2028,545-69-1030
Ms.,Iva,J,Pinson,"4564 Sherwood Circle","Moss Bluff",LA,70601,IvaJPinson@rhyta.com,337-217-6690,Barbera,5/6/1996,Visa,4916300302008809,920,3/2026,433-19-0631
Mr.,John,M,Loving,"322 Camden Place","North Charleston",SC,29420,JohnMLoving@gustr.com,843-909-2717,Blackston,2/11/1970,MasterCard,5368192010633113,664,4/2024,250-97-1534
Mr.,Tom,A,Thedford,"4578 Dark Hollow Road",Edgerton,WI,53534,TomAThedford@dayrep.com,608-884-2157,Garza,4/26/1942,Visa,4929606856308873,655,1/2028,393-15-3802
Mrs.,Claire,R,Oglesby,"3914 Burton Avenue",Memphis,TN,38104,ClaireROglesby@fleckens.hu,901-728-0961,Baldree,10/24/1978,MasterCard,5599646074361441,759,4/2024,762-01-4567
Mr.,Daniel,T,Paschke,"2021 Weekley Street","San Antonio",TX,78213,DanielTPaschke@gustr.com,210-348-9645,Durham,10/11/1973,MasterCard,5100725142057165,107,12/2025,458-99-4446
Mr.,Lucio,K,Foster,"4703 Short Street",Austin,TX,78701,LucioKFoster@armyspy.com,512-974-3588,Lavallee,4/1/1958,Visa,4532336467498793,105,11/2024,633-38-6226
Mr.,Richard,J,Hunter,"1650 Emma Street",Anton,TX,79313,RichardJHunter@einrot.com,806-997-1653,Williams,7/21/1997,MasterCard,5165635615517292,767,1/2025,462-73-3964
Mr.,Steven,J,Smith,"2406 Clearview Drive",Littleton,CO,80120,StevenJSmith@cuvox.de,303-730-9547,Cozart,12/7/1942,Visa,4532426893554929,241,9/2025,652-16-5339
Mr.,Alex,K,Demaria,"2815 Washburn Street","Baton Rouge",LA,70802,AlexKDemaria@cuvox.de,225-462-9931,Holmes,11/29/1969,MasterCard,5328257496454182,796,5/2025,660-05-6693
Mrs.,Deanna,L,Stanford,"1408 Cabell Avenue","Dale City",VA,22193,DeannaLStanford@teleworm.us,703-590-0927,Warren,2/7/1945,Visa,4532670640059779,518,5/2025,692-01-0728
Ms.,Pamela,D,Galles,"3475 Lakeland Terrace",Southfield,MI,48075,PamelaDGalles@jourrapide.com,734-257-8737,Reeves,3/22/1970,Visa,4532059855768904,950,6/2028,380-48-6787
Ms.,Eleanor,J,Guy,"3667 College Avenue",Dayton,OH,45406,EleanorJGuy@armyspy.com,937-409-3104,Harvell,9/19/1970,MasterCard,5431535039264521,599,8/2027,298-74-0676
Mrs.,Violet,D,Herring,"3278 Duncan Avenue",Brooklyn,NY,11206,VioletDHerring@teleworm.us,917-590-4087,Keeney,7/1/1986,Visa,4929672188669325,037,5/2028,102-30-4755
Mrs.,April,P,Graves,"363 Roane Avenue","Silver Spring",MD,20910,AprilPGraves@rhyta.com,301-285-4100,Cole,10/21/1992,Visa,4716320138912943,880,8/2024,212-45-9333
Mr.,Lawrence,C,Morrill,"3877 Quiet Valley Lane",Riverside,CA,92507,LawrenceCMorrill@gustr.com,818-867-2600,Fletcher,8/9/1941,Visa,4916356790701495,677,10/2025,549-48-5876
Ms.,Tonya,J,Steinbeck,"2959 Victoria Court",Portland,ME,04101,TonyaJSteinbeck@teleworm.us,207-400-8536,Wurm,8/31/1966,MasterCard,5177845296837614,513,11/2028,006-04-9674
Mr.,Cyrus,G,White,"3063 Birch Street",Greenwood,IN,46142,CyrusGWhite@einrot.com,317-889-6456,Iglesias,4/19/1953,Visa,4716163792715164,480,2/2026,316-19-0142
Mrs.,Amber,J,Campbell,"4855 Davis Court","Granite City",IL,62040,AmberJCampbell@gustr.com,618-876-8066,Inman,11/2/1937,Visa,4556002189947563,001,4/2028,350-94-5709
Ms.,Aline,C,Smith,"1453 Hardesty Street",Albany,NY,12206,AlineCSmith@dayrep.com,518-525-8321,Delarosa,1/25/1951,MasterCard,5507098828269812,354,5/2026,056-32-3730
Mr.,Jose,L,Jacobsen,"974 Late Avenue","Ponca City",OK,74601,JoseLJacobsen@armyspy.com,580-767-4235,Sanborn,4/14/1958,MasterCard,5538188934667224,233,2/2025,445-82-9067
Ms.,Mary,D,Garcia,"3685 Losh Lane",Portland,PA,97205,MaryDGarcia@armyspy.com,412-663-6489,Servantes,6/11/1999,MasterCard,5577844139220381,478,4/2026,182-38-7213
Mr.,Lamont,S,Singh,"1371 Romrog Way","Cedar Rapids",NE,68627,LamontSSingh@fleckens.hu,308-358-5995,Kirkland,10/20/1961,MasterCard,5272775454251890,808,9/2027,505-33-1835
Mr.,Jeffrey,A,Dennis,"4967 Woodbridge Lane",Livonia,MI,48150,JeffreyADennis@cuvox.de,313-529-2005,Young,2/28/1963,MasterCard,5274798418899677,830,11/2027,376-20-4200
Mr.,David,H,Howes,"2598 Cameron Road",Buffalo,NY,14214,DavidHHowes@dayrep.com,716-405-9666,Otero,5/4/1952,MasterCard,5205993483044309,657,3/2024,127-09-0406
Mr.,Adam,M,Carswell,"2059 Leisure Lane","San Luis Obispo",CA,93401,AdamMCarswell@rhyta.com,805-602-5613,Jacobs,7/28/2002,MasterCard,5200334068632454,790,12/2028,553-34-1528
Ms.,Martin,V,Hughes,"3475 Echo Lane","Grand Rapids",MI,49503,MartinVHughes@fleckens.hu,269-803-3415,White,3/25/2003,Visa,4539112832154251,411,9/2024,362-58-4155
Mr.,Donald,R,James,"1 Bloomfield Way",Rockland,ME,04841,DonaldRJames@fleckens.hu,207-594-2744,Harris,12/16/1992,MasterCard,5216025334657455,646,9/2025,005-01-2485
Mr.,John,M,Seaman,"4478 Rinehart Road","Fort Lauderdale",FL,33301,JohnMSeaman@jourrapide.com,786-377-9330,Marvin,12/4/1987,MasterCard,5269196857709191,686,6/2024,265-45-7898
Mrs.,Geraldine,B,Taylor,"1245 Trymore Road",Northfield,MN,55057,GeraldineBTaylor@einrot.com,507-663-6688,Seabrooks,8/19/1992,Visa,4556857132631006,511,5/2027,470-46-8083
Mr.,Terrance,T,Mast,"2073 Roane Avenue",Houston,TX,77011,TerranceTMast@rhyta.com,281-992-7027,Echols,5/30/1947,Visa,4485539265336035,803,5/2027,464-32-6832
Mr.,Eddie,A,Fox,"3029 Still Pastures Drive",Augusta,SC,30901,EddieAFox@cuvox.de,803-426-8868,Rutt,11/14/1949,Visa,4532024447842799,630,3/2024,247-64-1604
Ms.,Jennifer,R,Arndt,"1598 Wexford Way","Rock Hill",SC,29730,JenniferRArndt@dayrep.com,803-323-6139,Vito,7/5/1989,MasterCard,5591996413779359,074,4/2025,654-20-4760
Mrs.,Julia,G,Sloan,"105 Lincoln Street","Laurel Springs",NJ,08021,JuliaGSloan@rhyta.com,609-495-9896,Pannell,6/8/1984,MasterCard,5470024569426885,227,1/2024,141-74-6649
Mr.,Samuel,O,King,"88 Reel Avenue",Albuquerque,NM,87106,SamuelOKing@armyspy.com,505-402-1300,Sanderson,7/1/1998,Visa,4556615371208138,025,7/2026,648-30-2973
Mr.,Robert,T,Eagle,"484 Sampson Street",Denver,CO,80202,RobertTEagle@einrot.com,303-575-7430,Nelson,2/19/1937,MasterCard,5416323761689168,403,2/2027,650-03-5774
Mrs.,Andrea,K,Galarza,"3341 Stratford Court",Raleigh,NC,27601,AndreaKGalarza@rhyta.com,919-757-4881,Peters,6/16/1978,Visa,4532529833473850,325,2/2025,681-07-9655
Mr.,Timmy,A,Kohn,"3021 Jadewood Drive",Wheatfield,IN,46392,TimmyAKohn@armyspy.com,219-956-7251,Duran,12/5/1986,Visa,4556904188182748,038,3/2024,315-74-6472
Ms.,Lorraine,K,Haller,"3968 Vineyard Drive","Rocky River",OH,44116,LorraineKHaller@rhyta.com,440-331-1242,Weber,10/19/1985,MasterCard,5343228249344849,738,8/2026,297-18-8454
Mr.,Adolfo,V,Estrada,"3654 Karen Lane",Louisville,KY,40219,AdolfoVEstrada@teleworm.us,502-961-9397,Davis,11/25/1983,Visa,4485876433438024,288,2/2024,400-09-0174
Ms.,Jessica,M,Cavanaugh,"4473 Locust Street",Blakely,GA,31723,JessicaMCavanaugh@jourrapide.com,229-724-1904,Graves,6/15/1994,MasterCard,5368252620551731,543,5/2026,673-14-6491
Ms.,Nancy,D,Molina,"4540 Filbert Street","West Chester",PA,19382,NancyDMolina@rhyta.com,610-793-2480,Dunn,5/2/1938,Visa,4556767143191959,597,7/2028,196-76-9336
Mr.,Edwin,M,Mund,"92 Calico Drive",Wenatchee,WA,98801,EdwinMMund@dayrep.com,509-664-8560,Rodgers,7/28/1964,Visa,4916211383281803,305,12/2026,538-12-5698
Mrs.,Sharon,O,Byrne,"4878 Harley Brook Lane","Mount Union",PA,17066,SharonOByrne@armyspy.com,814-542-1853,Gerhart,5/3/1963,Visa,4929614264197763,333,7/2027,182-48-1901
Mr.,Richard,B,Milner,"1867 Winding Way",Providence,RI,02908,RichardBMilner@dayrep.com,401-638-6749,Reed,9/13/2002,Visa,4929132514528273,067,2/2028,035-70-8314
Ms.,Barbara,J,Read,"3509 Bungalow Road",Omaha,NE,68102,BarbaraJRead@rhyta.com,402-979-8678,Russell,1/22/1946,Visa,4929627678598756,259,11/2024,506-74-2439
Ms.,Patty,M,Rock,"601 Olive Street",Pandora,OH,45877,PattyMRock@dayrep.com,419-384-9229,Gladden,9/10/1938,MasterCard,5230969839011084,490,3/2028,282-20-9930
Mr.,Larry,A,Burke,"3736 James Avenue",Newton,KS,67114,LarryABurke@gustr.com,316-281-5784,Morgan,1/31/2002,MasterCard,5258418404825509,135,7/2027,511-09-8840
Mr.,James,M,Lemieux,"1496 Southside Lane","Los Angeles",CA,90018,JamesMLemieux@fleckens.hu,323-734-3061,Ploof,2/19/1987,Visa,4532326859649624,984,2/2026,555-13-4580
Mrs.,Melanie,J,Guevara,"1014 Lady Bug Drive",Brooklyn,NY,11208,MelanieJGuevara@superrito.com,718-964-2406,Yazzie,6/6/1945,MasterCard,5322021579143682,311,7/2024,118-50-4074
Mr.,Michael,A,Haggerty,"3575 Sugarfoot Lane",Kokomo,IN,46901,MichaelAHaggerty@rhyta.com,765-461-2268,James,7/5/1962,Visa,4916916992939951,070,3/2027,306-90-0308
Mrs.,Betty,C,Murdock,"4400 Roane Avenue","Silver Spring",MD,20904,BettyCMurdock@dayrep.com,301-236-1744,Trudell,7/14/2003,MasterCard,5522400109300475,579,7/2027,215-63-7747
Mr.,Timothy,K,Johnson,"2628 Blair Court",Stet,MO,64680,TimothyKJohnson@dayrep.com,660-484-0999,Becker,4/12/1985,Visa,4929036463031363,349,3/2027,488-10-7588
Ms.,Mary,J,Rathbun,"3049 Stonecoal Road",Toledo,OH,43615,MaryJRathbun@armyspy.com,419-616-9423,Kluesner,7/3/1992,Visa,4532706958621519,389,5/2025,274-82-5230
Mr.,Willie,J,Willmon,"2613 Comfort Court",Madison,WI,53703,WillieJWillmon@teleworm.us,608-257-9841,Phelps,7/29/1960,MasterCard,5586672727182666,033,1/2024,390-07-4847
Mr.,Jose,J,Moore,"2997 Layman Court",Atlanta,GA,30346,JoseJMoore@cuvox.de,678-348-2217,Proctor,6/11/1940,MasterCard,5327248590601910,024,9/2024,667-30-5903
Mr.,Kevin,M,Chamblee,"1499 Flanigan Oaks Drive",Bowie,MD,20720,KevinMChamblee@einrot.com,301-390-5678,Dolan,1/10/1986,Visa,4556284122563364,726,6/2025,217-16-3340
Mrs.,Pamela,Z,Bennett,"754 Clark Street",Patchogue,NY,11772,PamelaZBennett@armyspy.com,631-289-7730,Lovelace,8/29/1976,MasterCard,5265076019427508,254,6/2026,098-60-1308
Ms.,Dorothy,T,Jackson,"103 Still Street",Sandusky,OH,44870,DorothyTJackson@fleckens.hu,419-624-8460,Cannon,2/28/1995,MasterCard,5514687575432101,089,10/2026,293-70-0835
Mr.,Jason,D,Jin,"3195 Lang Avenue",Kamas,UT,84036,JasonDJin@superrito.com,435-782-8953,Brooks,1/2/1975,MasterCard,5501965245865024,761,12/2024,528-64-7294
Mrs.,Kimberly,D,Gonzales,"2834 Crim Lane",Lima,OH,45801,KimberlyDGonzales@superrito.com,937-710-2254,Zayas,2/5/1975,Visa,4916806061339425,646,1/2028,278-18-2647
Mrs.,Joanne,L,Herrera,"1299 Ryan Road",Garretson,SD,57030,JoanneLHerrera@jourrapide.com,605-594-0099,Gibson,2/17/1964,MasterCard,5191434421583856,547,4/2027,504-37-1727
Mrs.,Gladys,W,Allen,"1061 Barnes Avenue",Cincinnati,OH,45236,GladysWAllen@cuvox.de,513-702-4807,Thompson,2/16/1986,MasterCard,5514626886387273,905,3/2026,269-38-3525
Mr.,John,M,Cruz,"4476 Coal Street",Clarion,PA,16214,JohnMCruz@einrot.com,814-321-7032,Washington,4/22/1980,MasterCard,5494886509060467,118,4/2026,172-82-1625
Ms.,Delia,J,Cole,"3909 Fraggle Drive",Chicago,IL,60631,DeliaJCole@armyspy.com,630-401-6272,Rosa,8/20/1948,MasterCard,5483190682711209,639,5/2026,353-07-5309
Mrs.,Sandra,R,Miner,"4075 Thompson Drive",Fremont,CA,94538,SandraRMiner@einrot.com,510-440-8975,Jarmon,6/6/2000,MasterCard,5430764404597791,835,1/2027,550-78-9099
Mr.,John,I,Davisson,"4106 Blair Court","Kansas City",MO,64106,JohnIDavisson@jourrapide.com,660-440-5759,Lyons,9/7/1987,MasterCard,5343110725350815,148,2/2024,494-90-2532
Mrs.,Melissa,M,Hatfield,"2671 Wiseman Street",Knoxville,TN,37917,MelissaMHatfield@rhyta.com,865-389-4124,Jensen,2/21/1941,Visa,4485499248635930,389,1/2024,415-33-7009
Mr.,Fred,A,Richardson,"1709 Rosewood Lane","New York",NY,10019,FredARichardson@dayrep.com,212-957-9781,Smith,4/25/1959,MasterCard,5344002746354422,292,6/2024,097-80-9890
Mrs.,Bessie,W,Fleming,"1064 Baker Avenue","Fort Worth",TX,76147,BessieWFleming@gustr.com,817-868-7046,Laberge,10/18/1958,MasterCard,5383006738729816,367,6/2025,638-28-5153
Mr.,Jon,P,Tibbetts,"3444 Rardin Drive","San Francisco",CA,94108,JonPTibbetts@einrot.com,650-703-9068,Bridge,11/28/1953,MasterCard,5374105204721298,458,11/2024,625-36-9438
Mr.,Joe,C,Rodriguez,"2807 Fantages Way",Boise,ID,83702,JoeCRodriguez@dayrep.com,208-284-4736,Pape,12/22/1988,Visa,4539114039279352,001,11/2025,519-76-2972
Mr.,Paul,J,Henry,"192 Cheshire Road",Bridgeport,CT,06606,PaulJHenry@fleckens.hu,203-374-8372,Lockhart,11/26/1946,MasterCard,5213694765421088,653,2/2028,040-72-1778
Mr.,Eric,E,Rockwell,"3147 Rhode Island Avenue",Washington,DC,20005,EricERockwell@armyspy.com,202-394-8766,Hall,7/20/1969,MasterCard,5496046147341187,098,6/2027,578-48-5960
Mr.,Richard,S,Kidd,"961 Birch  Street","Fort Hancock",TX,79839,RichardSKidd@rhyta.com,915-769-9125,Harris,10/30/1966,MasterCard,5174623413167972,526,4/2026,449-18-7631
Mr.,Vincent,H,Mathis,"1121 Spruce Drive",Bridgeville,PA,15017,VincentHMathis@rhyta.com,724-859-0655,Styles,3/10/1968,MasterCard,5125988016762945,340,5/2028,192-64-7186
Mr.,Reginald,F,Long,"1943 Marietta Street","Mad River",CA,95552,ReginaldFLong@dayrep.com,707-574-0126,McNeal,7/7/1998,MasterCard,5222482899074034,439,11/2027,604-21-7479
Mr.,Guy,J,Burke,"4259 Locust View Drive","San Francisco",CA,94143,GuyJBurke@teleworm.us,415-936-0034,Smith,3/25/1981,MasterCard,5582673466894523,159,6/2024,561-08-1581
Mr.,Brian,T,Todd,"891 Stanton Hollow Road",Boston,MA,02210,BrianTTodd@fleckens.hu,781-499-1380,Friedland,4/5/1977,Visa,4716838930938378,666,10/2028,011-76-0808
Mr.,Matthew,N,Saunders,"670 Long Street",Brooksville,FL,34601,MatthewNSaunders@fleckens.hu,352-279-7346,Pierce,11/23/1988,MasterCard,5302264835918869,497,12/2027,262-26-1581
Ms.,Joyce,A,Smith,"4395 Summit Park Avenue",Southfield,MI,48034,JoyceASmith@dayrep.com,248-937-5873,McNulty,6/22/1947,Visa,4929254329621257,193,12/2028,384-23-2910
Mr.,Bob,V,Olesen,"4908 Oakwood Circle",Irvine,CA,92614,BobVOlesen@gustr.com,949-355-1390,Hyden,7/13/1949,MasterCard,5352314506467321,691,1/2028,559-16-0682
Mrs.,Eva,A,Cook,"2759 Cedarstone Drive",Toledo,OH,43615,EvaACook@dayrep.com,419-441-3852,Jones,5/16/1948,MasterCard,5442933316993721,100,4/2026,284-72-0936
Mrs.,Mia,T,Daniels,"1895 Bond Street","East Providence",RI,02914,MiaTDaniels@teleworm.us,401-855-1841,Odell,2/22/1969,Visa,4716522016499923,789,1/2024,037-48-7063
Ms.,Debbie,E,Stanford,"3582 Findley Avenue",Minot,ND,58701,DebbieEStanford@cuvox.de,701-858-1670,Carey,8/7/1987,MasterCard,5299610741866565,110,3/2025,502-44-1385
Mrs.,Jessica,J,Sanchez,"4257 Scheuvront Drive",Golden,CO,80401,JessicaJSanchez@teleworm.us,303-526-4106,Hazard,10/13/1945,Visa,4916830946185175,585,12/2025,651-05-2043
Ms.,Donna,E,Norton,"1099 Southside Lane","Los Angeles",CA,90029,DonnaENorton@teleworm.us,323-667-6596,Baity,6/28/1942,MasterCard,5230871674924753,076,1/2025,615-76-1452
Mrs.,Susan,T,Kim,"511 Center Avenue",Fresno,CA,93710,SusanTKim@fleckens.hu,559-348-1435,Valdez,4/24/1984,MasterCard,5485630274362828,030,2/2026,604-20-2883
Mr.,Daniel,H,Owens,"3510 Collins Street",Tampa,FL,33619,DanielHOwens@superrito.com,813-952-2268,Blackmon,4/17/1964,Visa,4716291708871712,267,1/2028,771-34-2093
Mrs.,Nina,J,Bakken,"310 Patterson Street",Houston,TX,77002,NinaJBakken@jourrapide.com,713-333-8082,Hansen,7/15/1993,MasterCard,5485626911480916,779,11/2026,450-05-8356
Mrs.,Cathy,D,Eakes,"656 Vesta Drive",Chicago,IL,60636,CathyDEakes@fleckens.hu,773-776-1350,King,1/17/1941,MasterCard,5202912032463201,197,12/2024,352-80-6703
Ms.,Pamela,J,Park,"691 Burton Avenue",Collierville,TN,38017,PamelaJPark@rhyta.com,901-687-7171,Flippo,8/21/1944,Visa,4532754393824249,188,1/2026,415-11-5089
Ms.,Connie,L,Yao,"4498 Frank Avenue",Agawam,MA,01001,ConnieLYao@gustr.com,413-265-2478,Waddle,11/7/1955,MasterCard,5487440825290330,178,1/2026,013-18-3109
Mrs.,Sue,J,Stone,"4445 Geneva Street","New York",NY,10007,SueJStone@dayrep.com,917-445-4857,Hyslop,2/14/1983,Visa,4485959995272500,999,8/2025,116-86-6854
Mr.,Timothy,A,Sklar,"147 Primrose Lane",Brooks,WI,53921,TimothyASklar@fleckens.hu,608-584-5954,Higgins,2/10/1995,Visa,4929831816747313,582,9/2024,397-02-9766
Mr.,Craig,J,Austin,"4632 Wyatt Street",Miami,FL,33128,CraigJAustin@cuvox.de,561-422-1680,Rodriguez,6/15/2003,Visa,4929643464864583,027,9/2024,590-76-3634
Mr.,Thomas,P,Adams,"4388 Jadewood Drive",Chicago,IL,60605,ThomasPAdams@teleworm.us,224-218-5815,Perez,3/1/1949,MasterCard,5539223930844441,377,5/2025,326-10-2253
Mr.,Neal,S,Degraw,"4431 Broad Street",Birmingham,AL,35203,NealSDegraw@dayrep.com,205-442-6055,Rossiter,12/24/1963,Visa,4556224021999830,495,10/2025,416-50-2429
Mr.,Sidney,F,Vang,"2044 Rosebud Avenue","Little Rock",AR,72212,SidneyFVang@fleckens.hu,870-384-1888,Hunter,7/24/1996,MasterCard,5433716933690338,393,5/2028,429-04-5974
Mrs.,Kathie,E,Frazier,"3303 Bassel Street",Leeville,LA,70357,KathieEFrazier@einrot.com,985-396-9810,Holloway,7/4/1983,Visa,4916412569267133,174,10/2024,436-23-7221
Ms.,Georgie,R,Byrd,"4130 Dale Avenue",Seattle,WA,98109,GeorgieRByrd@gustr.com,253-737-7222,Powell,3/4/1948,MasterCard,5592209402418107,305,11/2024,535-04-1778
Mr.,Richard,A,Lopez,"1755 Jerry Dove Drive",Charleston,SC,29407,RichardALopez@armyspy.com,843-402-5354,Mayle,11/28/1973,MasterCard,5456301736828955,372,6/2028,247-01-6809
Mr.,Joseph,V,Keller,"2312 Heliport Loop",Columbus,IN,47201,JosephVKeller@teleworm.us,812-703-4175,Davis,10/14/1978,MasterCard,5356865744562559,241,9/2028,312-27-7000
Mr.,Timothy,A,Hernandez,"460 Beechwood Avenue",Linden,NJ,07036,TimothyAHernandez@dayrep.com,908-862-0828,Winfield,10/19/1964,Visa,4916969891757453,085,7/2026,155-18-1943
Mr.,William,C,McGrath,"4865 Oak Avenue",Schaumburg,IL,60173,WilliamCMcGrath@cuvox.de,847-917-0982,West,4/9/1944,Visa,4929047796359181,295,11/2024,341-30-5695
Mrs.,Anita,S,Horace,"1793 Murphy Court",Corona,CA,91720,AnitaSHorace@teleworm.us,951-808-5922,Townley,12/3/1943,MasterCard,5109495742348163,646,11/2026,572-39-2657
Ms.,Caitlin,W,Ferguson,"4321 Quiet Valley Lane","Van Nuys",CA,91405,CaitlinWFerguson@einrot.com,818-908-7002,Trantham,11/24/1957,MasterCard,5289411084855642,775,5/2025,553-85-4580
Mrs.,Bessie,M,Maple,"2226 Columbia Mine Road",Winfield,WV,25213,BessieMMaple@fleckens.hu,304-586-1079,Warren,10/11/1980,MasterCard,5326778992188380,051,8/2026,236-19-5986
Mrs.,Tammy,N,Harris,"4635 Kemper Lane","Salt Lake City",UT,84116,TammyNHarris@einrot.com,801-870-9948,Mitchell,8/9/1989,MasterCard,5242069369727377,386,7/2027,529-14-2505
Mrs.,Ann,S,Bolton,"4186 Smithfield Avenue",Amarillo,TX,79101,AnnSBolton@superrito.com,806-678-8289,Stradley,2/25/1956,MasterCard,5501698461338679,711,7/2024,467-49-2636
Mrs.,Jeanette,D,Colbert,"1535 Sharon Lane",Manchester,MO,63011,JeanetteDColbert@rhyta.com,573-922-1700,Orozco,5/25/1938,MasterCard,5204582842764045,169,4/2026,493-46-0794
Mrs.,Mildred,K,Davis,"269 Heritage Road",Fresno,CA,93706,MildredKDavis@jourrapide.com,559-805-2861,Watts,3/6/1951,Visa,4916514489042569,448,3/2027,559-19-2395
Mr.,David,S,Hardy,"4209 Five Points",Laurel,MD,20707,DavidSHardy@jourrapide.com,443-290-6511,Harrison,12/25/1955,MasterCard,5242553485205657,525,11/2025,212-09-5968
Mr.,Douglass,T,White,"173 Gateway Road",Portland,OR,97219,DouglassTWhite@gustr.com,503-244-0289,Hacker,6/20/1992,MasterCard,5395693470924709,462,11/2028,542-53-7289
Mr.,Bruce,M,Larson,"672 Seltice Way",Boise,ID,83702,BruceMLarson@dayrep.com,208-723-3513,McDermott,9/14/1939,MasterCard,5543399282294288,293,4/2025,518-50-2140
Mr.,Fidel,J,Diaz,"4284 Crummit Lane",Omaha,NE,68137,FidelJDiaz@jourrapide.com,402-201-7657,Chastain,5/15/1993,Visa,4916748239114738,909,12/2024,506-44-8690
Mrs.,Minerva,H,Schenck,"2170 Delaware Avenue",Fremont,CA,94539,MinervaHSchenck@teleworm.us,415-295-6642,Desimone,4/10/1982,MasterCard,5574927628674169,456,9/2024,622-92-0930
Mr.,Anthony,M,Pankey,"4897 Robinson Lane",Columbus,OH,43085,AnthonyMPankey@einrot.com,740-408-0433,Rushing,11/7/1977,Visa,4539340714484369,727,1/2027,293-50-9574
Mrs.,Retta,S,Dennis,"3742 Kelly Drive",Beckley,WV,25801,RettaSDennis@cuvox.de,304-923-8257,Benton,4/9/1957,MasterCard,5100429342160362,670,1/2027,234-64-9595
Mr.,David,M,Streets,"4757 Hershell Hollow Road",Chattanooga,TN,37403,DavidMStreets@teleworm.us,423-939-9227,Marler,12/25/1952,MasterCard,5529910699239670,419,6/2028,409-11-8388
Mr.,Leslie,J,Davis,"4413 Michael Street","Sugar Land",TX,77478,LeslieJDavis@gustr.com,713-809-8638,Gaines,1/26/2002,MasterCard,5293536942857861,425,6/2028,449-09-2741
Ms.,Valerie,R,Frisbie,"438 Marie Street",Woodlawn,MD,21207,ValerieRFrisbie@cuvox.de,410-944-6649,Turner,4/24/1952,MasterCard,5471032788430058,282,1/2028,213-60-6787
Mr.,Sammy,M,Hughes,"2323 John Daniel Drive","Cape Girardeau",MO,63701,SammyMHughes@fleckens.hu,573-730-6543,Edwards,6/25/1947,Visa,4539173049396804,963,3/2027,493-08-2867
Mr.,Daniel,K,Vasquez,"119 Richards Avenue",Stockton,CA,95204,DanielKVasquez@cuvox.de,209-924-1422,Janes,6/18/1940,MasterCard,5343602850492859,409,1/2026,620-64-4385
Mr.,Andrew,W,Mares,"4568 Ashton Lane",Austin,TX,78704,AndrewWMares@superrito.com,512-460-8716,Rich,7/25/1939,Visa,4556275567540545,267,10/2025,456-91-2220
Ms.,Alice,T,Towns,"2378 Charla Lane",Irving,TX,75038,AliceTTowns@superrito.com,972-719-6723,Haight,5/22/1958,Visa,4532733808163245,226,9/2027,640-78-0401
Mr.,Vincent,M,Bayerl,"366 Selah Way","White River Junction",VT,05001,VincentMBayerl@dayrep.com,802-681-8839,Brown,12/2/1995,MasterCard,5516087385509651,592,4/2026,008-03-6535
Mr.,John,L,Maurer,"3978 Laurel Lee","North St Paul",MN,55109,JohnLMaurer@einrot.com,651-773-8633,Wilson,6/14/1965,MasterCard,5296005652875619,286,8/2024,472-23-7474
Ms.,Harriet,L,Caskey,"1262 Dane Street",Spokane,WA,99201,HarrietLCaskey@einrot.com,509-227-1108,Henson,1/4/1958,MasterCard,5546466210773902,025,7/2026,531-48-2819
Mr.,Edward,O,Croom,"816 Hickman Street","Burr Ridge",IL,61257,EdwardOCroom@gustr.com,630-418-9596,Michell,5/14/1985,MasterCard,5102223147962355,959,1/2028,342-36-4543
Dr.,Lilian,R,Sosa,"2866 Travis Street",Doral,FL,33166,LilianRSosa@jourrapide.com,772-823-2502,Lopez,8/6/1946,MasterCard,5313860277353999,483,5/2024,766-20-7281
Ms.,Elizabeth,G,Patton,"473 Butternut Lane",Alton,IL,62002,ElizabethGPatton@dayrep.com,618-474-9614,Ballard,9/10/1944,MasterCard,5482014223228989,555,10/2025,352-98-1324
Mrs.,Victoria,A,Zimmerman,"1187 Pearl Street",Sacramento,CA,95814,VictoriaAZimmerman@gustr.com,916-327-8451,Mendez,9/10/1982,Visa,4916043313513546,228,12/2025,568-73-8071
Ms.,Ruby,A,Moreno,"1757 Bingamon Branch Road","Elk Grove Village",IL,60007,RubyAMoreno@fleckens.hu,847-238-9345,Crume,11/4/1970,Visa,4532285753026042,009,4/2027,326-70-6913
Mr.,Marvin,N,Makela,"4117 Ridge Road",Neodesha,KS,66757,MarvinNMakela@rhyta.com,620-716-4741,Cotton,12/24/1970,MasterCard,5221762055740382,911,10/2024,512-38-8763
Mr.,Jerry,G,Adkins,"4515 Carolina Avenue",Brownsville,TX,78521,JerryGAdkins@cuvox.de,956-838-9364,Klein,5/7/1947,MasterCard,5260305046876063,485,12/2024,628-10-6675
Mrs.,Denise,B,Moore,"755 Collins Avenue",Columbus,OH,43215,DeniseBMoore@fleckens.hu,614-838-3942,Devore,6/19/1984,Visa,4539416026707323,938,8/2026,286-94-4547
Mr.,Leroy,S,Mortimer,"3284 Parrill Court",Chicago,IN,60631,LeroySMortimer@jourrapide.com,219-484-9437,Brooks,10/21/1943,Visa,4539075405505094,949,10/2024,303-02-4594
Ms.,Jo,L,Pate,"1515 Hiddenview Drive",Cleveland,OH,44115,JoLPate@einrot.com,216-223-9266,Bohannon,12/20/1988,MasterCard,5516077348191671,195,3/2028,298-70-5848
Mr.,Ronald,S,Eddy,"1685 Colonial Drive",Bryan,TX,77803,RonaldSEddy@einrot.com,979-820-4890,Finch,6/7/1968,Visa,4916956114173923,914,8/2027,458-63-1994
Mr.,Billy,C,Casey,"1131 Twin Oaks Drive","Clam River",MI,49612,BillyCCasey@gustr.com,231-377-1449,George,11/16/1978,Visa,4716606036407642,110,8/2027,363-38-8680
Mr.,David,G,Phillips,"4428 Pringle Drive",Chicago,IL,60606,DavidGPhillips@dayrep.com,312-424-0772,Ezell,9/30/1945,MasterCard,5572454451976548,190,11/2025,345-07-5340
Mr.,Ken,A,Walker,"2297 Bartlett Avenue",Southfield,MI,48076,KenAWalker@jourrapide.com,248-552-7094,Hubbard,8/17/1976,MasterCard,5205465263723436,537,5/2028,362-38-7053
Mrs.,Betty,T,Evans,"2686 Park Street",Concord,CA,94520,BettyTEvans@cuvox.de,925-435-5676,Devers,10/5/1988,Visa,4929303697491577,953,1/2026,558-27-7287
Ms.,Mary,D,Ward,"3071 Coal Road","Hanover Township",PA,18706,MaryDWard@superrito.com,570-604-4854,Bishop,9/30/1980,MasterCard,5423828040092209,606,8/2027,184-03-3835
Mrs.,Carmen,W,Hale,"2804 Fairfield Road",Brookfield,WI,53005,CarmenWHale@dayrep.com,262-641-9284,Pacheco,8/30/1959,MasterCard,5231396673242089,952,12/2027,392-68-4113
Mr.,Robert,K,Kellum,"3628 Drainer Avenue",Tallahassee,FL,32301,RobertKKellum@armyspy.com,850-597-2698,Dietrich,5/12/1940,MasterCard,5114845466425337,890,6/2024,767-26-5697
Mrs.,Janine,J,Campa,"2601 Massachusetts Avenue",Washington,DC,20005,JanineJCampa@gustr.com,202-724-3129,Murphy,5/26/1939,Visa,4539727791055262,111,10/2026,578-38-8278
Mrs.,Judith,C,Davis,"2959 Adams Avenue",Frederick,MD,21701,JudithCDavis@rhyta.com,301-696-6027,Statler,8/19/1993,Visa,4916997200883850,012,8/2028,215-64-9702
Mr.,Normand,R,Cox,"1498 Chicago Avenue",Ducor,CA,93218,NormandRCox@einrot.com,559-534-5943,Felix,6/6/1963,MasterCard,5367278405124205,431,7/2025,547-13-6546
Mr.,Dennis,M,Blank,"1284 Murry Street","Virginia Beach",VA,23462,DennisMBlank@superrito.com,757-473-5934,Byrd,2/25/1948,MasterCard,5243605487352942,388,7/2025,223-73-2715
Mr.,Edward,M,Hull,"4156 Jadewood Farms",Newark,NJ,07102,EdwardMHull@einrot.com,973-415-2814,Brown,1/20/2004,MasterCard,5533960974392029,178,5/2026,150-52-6200
Mrs.,Wanda,M,Coffey,"724 Twin Oaks Drive",Manistee,MI,49660,WandaMCoffey@rhyta.com,231-398-1187,Garcia,1/30/1960,MasterCard,5143749796071156,651,12/2024,386-60-8271
Ms.,Christine,M,Rocker,"4407 Badger Pond Lane",Tampa,FL,33624,ChristineMRocker@cuvox.de,727-324-3688,Neville,7/17/2002,Visa,4532625752760366,505,10/2024,264-91-3418
Mr.,Louis,A,Mathis,"985 Cherry Ridge Drive",Southfield,MI,48075,LouisAMathis@cuvox.de,586-283-4802,Gentry,4/16/1956,MasterCard,5517599579327657,229,10/2025,365-24-9224
Ms.,Jeri,B,Myers,"1990 Emily Renzelli Boulevard","San Jose",CA,95113,JeriBMyers@jourrapide.com,831-508-3095,Geary,7/31/2002,Visa,4539144910504388,893,1/2025,552-92-3856
Mrs.,Katie,K,Gonzalez,"2354 Indiana Avenue","Puu Kapolei",HI,96707,KatieKGonzalez@cuvox.de,808-674-6930,Jakubowski,5/19/1947,MasterCard,5530241871471635,804,1/2028,576-89-7809
Mr.,George,A,Starkweather,"4958 Ward Road","El Paso",TX,79912,GeorgeAStarkweather@cuvox.de,915-204-3430,Kastner,4/2/1988,MasterCard,5380751481162862,025,8/2026,454-86-0677
Mrs.,Sondra,S,Netherton,"3371 Blackwell Street","Coffman Cove",AK,99550,SondraSNetherton@gustr.com,907-329-9561,Dunlap,9/13/1996,Visa,4916594664338974,614,9/2026,574-24-6449
Ms.,Nancy,J,Blank,"201 Austin Avenue",Douglas,GA,31533,NancyJBlank@jourrapide.com,912-327-4743,Lee,2/16/1995,MasterCard,5176700056142807,236,5/2028,674-10-0679
Mrs.,Lori,N,Knox,"4085 Colony Street",Stamford,CT,06995,LoriNKnox@rhyta.com,203-308-1238,Mills,10/30/1947,MasterCard,5268851927536070,505,9/2024,042-98-5552
Mr.,Jerry,H,Moreno,"2182 Boggess Street","Tremont City",OH,45372,JerryHMoreno@cuvox.de,937-969-1521,Brown,3/2/2003,MasterCard,5501702045434242,110,7/2027,275-82-5345
Mr.,Harry,M,Grant,"1273 Barnes Street",Orlando,FL,32810,HarryMGrant@teleworm.us,407-287-0976,Hood,8/7/1980,Visa,4485456447292749,211,8/2025,264-39-3317
Mr.,John,T,Martin,"3839 Patterson Street",Houston,TX,77002,JohnTMartin@rhyta.com,713-354-9438,Kane,2/3/1981,Visa,4539083926509272,639,11/2028,460-57-3139
Mr.,Larry,S,Stern,"2060 Kovar Road",Quincy,MA,02169,LarrySStern@armyspy.com,508-546-1612,Raggs,1/3/1942,Visa,4532368329454227,254,3/2024,028-28-5777
Mrs.,Denise,T,Johnson,"2862 Terry Lane",Cocoa,FL,32922,DeniseTJohnson@dayrep.com,321-334-9354,Dalton,11/15/1985,MasterCard,5382322217828172,466,3/2028,590-86-5001
Mrs.,Katrina,J,Jackson,"4972 Meadowview Drive",Brokenburg,VA,22553,KatrinaJJackson@dayrep.com,540-895-5258,Perez,2/7/1955,MasterCard,5579989589230659,547,1/2025,698-01-9170
Mr.,Sean,N,Hastings,"1516 Watson Lane",Watauga,NC,28604,SeanNHastings@armyspy.com,828-963-5563,Chen,12/5/1944,MasterCard,5379277847721087,605,9/2028,690-05-2759
Mr.,Robert,B,West,"3973 Preston Street",Phoenix,AZ,85040,RobertBWest@fleckens.hu,623-313-9773,Lewis,10/27/2000,Visa,4532270361863689,170,11/2026,765-09-7092
Mr.,William,A,Ramos,"4765 Valley Lane",Austin,TX,78701,WilliamARamos@fleckens.hu,512-641-7602,Morse,2/21/1969,Visa,4929533539900704,853,11/2025,455-40-7818
Mr.,James,A,Wiggins,"1491 Tator Patch Road",Chicago,IL,60606,JamesAWiggins@gustr.com,312-869-8427,Lindsey,12/19/1983,MasterCard,5194708808124872,127,6/2027,339-03-8946
Ms.,Elizabeth,A,Boggs,"4744 Catherine Drive",Bismarck,ND,58501,ElizabethABoggs@armyspy.com,701-223-7520,Leek,6/14/1989,Visa,4532358004650579,481,6/2028,501-27-6003
Ms.,Mayme,B,Sin,"2545 Sycamore Road",Roseburg,OR,97470,MaymeBSin@rhyta.com,541-464-3553,Lagrange,12/2/1955,Visa,4532529889294341,799,6/2027,544-82-0451
Mrs.,Erica,L,Patton,"4560 Coleman Avenue","El Cajon",CA,92020,EricaLPatton@cuvox.de,760-798-0165,Sheehan,8/29/1975,MasterCard,5484159061309835,352,12/2027,623-12-6024
Ms.,Elizabeth,E,Jordan,"1890 Fulton Street",Arbovale,WV,24915,ElizabethEJordan@einrot.com,304-456-8300,Cantor,4/10/1989,Visa,4716235872400113,584,5/2024,233-16-4269
Mr.,Ellis,W,Tarrant,"4173 Buck Drive",Brattleboro,VT,05301,EllisWTarrant@dayrep.com,802-254-2263,Koch,2/23/1961,Visa,4532055832385523,298,9/2028,009-46-6508
Mr.,Alfonso,M,Arce,"519 Stockert Hollow Road",Kirkland,WA,98034,AlfonsoMArce@jourrapide.com,425-820-8582,Feliciano,9/20/1963,MasterCard,5388213002287548,516,12/2024,531-10-7132
Mrs.,Sherrie,C,Mason,"1770 University Drive",Chicago,IL,60606,SherrieCMason@fleckens.hu,312-739-5917,Houghton,8/14/1965,Visa,4539306731883073,907,6/2028,325-86-9938
Mr.,Kevin,L,Phillips,"2644 Confederate Drive","East Syracuse",NY,13057,KevinLPhillips@jourrapide.com,315-725-3969,Law,12/3/1952,Visa,4916030376298578,643,2/2024,116-90-9459
Mrs.,Eva,I,Stewart,"3055 Kemper Lane",Provo,UT,84606,EvaIStewart@dayrep.com,801-812-2631,Roach,5/24/1958,Visa,4485357666447891,194,8/2026,528-12-8744
Ms.,Brenda,W,Hansen,"621 Stadium Drive",Framingham,MA,01701,BrendaWHansen@dayrep.com,508-305-8778,Conley,4/26/1952,MasterCard,5110973236227942,728,2/2024,025-72-0744
Mr.,Robert,M,Mata,"4439 Johnstown Road","Highland Park",IL,60035,RobertMMata@jourrapide.com,847-432-2961,Davis,5/14/1980,Visa,4532549438651551,519,5/2027,327-74-7255
Mr.,Jeffrey,S,Luna,"3024 School Street",Washington,DC,20036,JeffreySLuna@fleckens.hu,202-912-4383,Herman,4/2/1979,MasterCard,5444537681291336,541,1/2026,577-92-4240
Mr.,Brandon,M,Oglesby,"1703 Railroad Street",Marquette,MI,49855,BrandonMOglesby@fleckens.hu,906-203-8613,Hsu,2/28/1990,Visa,4916082986552258,773,3/2024,368-28-2181
Ms.,Alice,C,Myers,"353 Romrog Way",Kearney,NE,68847,AliceCMyers@teleworm.us,308-234-5856,Green,12/10/1963,MasterCard,5499872359437257,169,9/2024,507-22-5922
Mr.,Travis,J,Capo,"1498 McDowell Street",Palmyra,TN,37142,TravisJCapo@einrot.com,931-326-7427,Thompson,1/18/1965,MasterCard,5311979842775817,396,6/2028,757-01-0324
Mrs.,Nancy,D,Miller,"535 Clarksburg Park Road","Joseph City",AZ,86032,NancyDMiller@rhyta.com,928-288-1145,Bledsoe,3/1/1992,MasterCard,5106743081809672,825,5/2027,527-16-0038
Mr.,Edward,I,Metz,"252 Diane Street","City Of Commerce",CA,90040,EdwardIMetz@rhyta.com,805-402-4110,Fitzgerald,8/16/1974,Visa,4556884934319754,616,11/2026,624-42-8990
Mrs.,Kelly,W,Benjamin,"2843 Sunny Day Drive","Santa Ana",CA,92704,KellyWBenjamin@superrito.com,714-861-1238,Brown,11/4/1962,Visa,4929713926402536,183,11/2028,617-60-9422
Ms.,Dorothy,B,Chandler,"3173 Maple Lane",Huntsville,AL,35808,DorothyBChandler@cuvox.de,256-450-6270,Truong,1/31/1950,MasterCard,5555453632990478,142,8/2028,424-23-1842
Mr.,William,J,Holly,"4154 Shinn Avenue",Pittsburgh,PA,15222,WilliamJHolly@rhyta.com,724-540-3384,Rountree,2/18/1977,Visa,4716356508835769,053,1/2026,187-80-0636
Mr.,Mark,I,Earls,"3952 Bell Street","New York",NY,10018,MarkIEarls@gustr.com,212-216-6269,Harris,12/22/1967,MasterCard,5357090673207840,681,10/2027,130-84-9287
Mr.,Casey,S,Allen,"3832 Wescam Court",Cambridge,MA,02141,CaseySAllen@rhyta.com,781-228-6765,McKenzie,6/10/1947,Visa,4532493044389126,540,3/2027,033-24-1266
Mrs.,Sarah,T,Carrico,"397 Tenmile","Virginia Beach",VA,23452,SarahTCarrico@armyspy.com,757-941-0121,Cooper,4/16/1957,Visa,4916883320892486,488,2/2026,225-86-1562
Mr.,George,C,Capasso,"2903 Ashwood Drive",Correctionville,IA,51016,GeorgeCCapasso@teleworm.us,712-342-9485,Boyd,11/1/1956,Visa,4556518356208877,792,3/2025,480-31-9160
Mr.,Donald,L,Jackson,"27 Pine Street",Portland,PA,97205,DonaldLJackson@fleckens.hu,724-279-0844,Scott,3/19/1973,MasterCard,5315101000334008,657,7/2026,205-58-1407
Mr.,Micheal,M,Davis,"2872 Mulberry Lane",Hialeah,FL,33012,MichealMDavis@armyspy.com,561-773-9374,Hamrick,4/24/1985,Visa,4916048105962405,397,9/2027,592-17-5496
Mr.,Stephen,V,Lewis,"4943 Chipmunk Lane",Stratton,ME,04982,StephenVLewis@gustr.com,207-243-5267,Howell,3/12/1983,MasterCard,5214680726400971,279,9/2025,007-72-4124
Mr.,Richard,A,Curry,"1431 Brookside Drive",Birmingham,AL,35203,RichardACurry@armyspy.com,205-251-9212,Swenson,9/15/1973,Visa,4532502652633078,531,7/2027,416-82-1039
Mr.,Brett,L,Lopez,"1613 Corpening Drive",Southfield,MI,48034,BrettLLopez@jourrapide.com,248-372-8630,Lacasse,3/22/1940,MasterCard,5460481923877249,925,11/2028,373-80-6030
Mrs.,Mary,D,Paton,"3892 Walnut Hill Drive",Cincinnati,OH,45202,MaryDPaton@dayrep.com,513-268-6724,Hansen,2/23/1978,MasterCard,5543559601501909,649,1/2025,276-60-8576
Mrs.,Nichole,M,Ortiz,"1244 Park Street",Brentwood,CA,94513,NicholeMOrtiz@dayrep.com,925-513-7225,Snyder,6/17/1995,MasterCard,5158153041655370,209,11/2026,568-52-5955
Mr.,Dale,J,Montgomery,"1846 Bluff Street",Hagerstown,MD,21740,DaleJMontgomery@armyspy.com,301-766-2242,Lyons,12/15/1974,MasterCard,5130000500941549,585,7/2024,212-90-0226
Mr.,Peter,K,Mead,"4463 Del Dew Drive","Oxon Hill",MD,20021,PeterKMead@cuvox.de,301-839-0701,Sheehy,5/28/1971,Visa,4916449398538011,629,11/2028,219-53-6074
Mr.,Jerry,J,Boyle,"768 Norma Lane",Alexandria,LA,71302,JerryJBoyle@teleworm.us,318-485-6689,Steed,3/27/1957,Visa,4485772376855680,967,12/2024,435-13-4435
Mr.,James,J,Lavergne,"4683 Briercliff Road",Brooklyn,NY,11208,JamesJLavergne@fleckens.hu,718-642-0551,Pratt,12/31/1967,Visa,4556052655152172,334,5/2025,081-32-0398
Mr.,George,H,Camacho,"2801 Millbrook Road",Bensenville,IL,60106,GeorgeHCamacho@armyspy.com,630-797-1575,Rech,2/13/1951,MasterCard,5259525863413467,150,5/2026,340-38-4824
Mr.,William,E,Newland,"1290 Post Farm Road",Atlanta,GA,30329,WilliamENewland@cuvox.de,404-248-5763,Kelley,6/13/1977,MasterCard,5492121360279770,347,5/2026,257-08-2941
Mr.,Robert,A,Ford,"3404 Coal Road",Hancock,PA,13783,RobertAFord@fleckens.hu,570-635-7101,Hill,4/24/1986,MasterCard,5367555724772610,652,12/2026,188-44-7203
Mrs.,Edna,D,Welch,"3262 Shady Pines Drive",Ararat,VA,24053,EdnaDWelch@superrito.com,276-251-1904,Blount,1/11/1940,Visa,4485789713617896,196,1/2028,696-03-8727
Mr.,Travis,M,Partridge,"3263 Radio Park Drive",Columbus,GA,31903,TravisMPartridge@dayrep.com,706-682-8776,Figueroa,5/25/1972,Visa,4485737643756482,638,7/2028,669-12-5363
Ms.,Bonnie,C,Goodale,"4923 Cambridge Drive",Phoenix,AZ,85027,BonnieCGoodale@superrito.com,623-434-6746,Wyatt,3/31/1944,Visa,4532053660584234,826,1/2027,600-34-9339
Mr.,David,J,Swayze,"2891 Prudence Street",Detroit,MI,48208,DavidJSwayze@fleckens.hu,313-361-1218,Johnson,11/16/1944,Visa,4485332430265572,027,10/2027,371-74-4010
Mr.,Edward,J,Taylor,"3377 John Calvin Drive",Chicago,IL,60607,EdwardJTaylor@jourrapide.com,708-853-3215,Walther,3/15/1959,Visa,4485746293775254,850,11/2026,324-34-7258
